source_clip_id,condition,scenario_code,mean_distance_px,n_frames
C01,HUD,LR,229.97214635242264,156
C01,RAW,LR,262.07999837844778,156
C01,HUD,PLR,287.66486884584816,125
C01,RAW,PLR,316.82453319644367,125
C01,HUD,S,289.93838792418904,329
C01,RAW,S,300.52993981270305,329
C02,HUD,PTL,105.20869287080596,127
C02,RAW,PTL,95.587604724239398,127
C02,HUD,S,212.12288897841421,711
C02,RAW,S,228.76505216654726,711
C02,HUD,TL,319.15369654615779,122
C02,RAW,TL,301.61515409161558,122
C03,HUD,LL,364.30381296280393,127
C03,RAW,LL,365.73842055237725,127
C03,HUD,LR,362.82242380761744,81
C03,RAW,LR,372.11808573077178,81
C03,HUD,PLL,426.70712066252491,125
C03,RAW,PLL,484.14617304348985,125
C03,HUD,PLR,386.00290947356137,125
C03,RAW,PLR,461.06555857695366,125
C03,HUD,PTL,158.31488331540805,109
C03,RAW,PTL,127.52158116081819,109
C03,HUD,PTR,113.4931638098295,106
C03,RAW,PTR,120.60190056106579,106
C03,HUD,S,356.12012618321313,992
C03,RAW,S,358.75019245638128,992
C03,HUD,TL,331.03160269703056,118
C03,RAW,TL,310.92291052085289,118
C03,HUD,TR,295.12360144233304,77
C03,RAW,TR,254.84098203965038,77
C04,HUD,PTL,153.91656046886797,1503
C04,RAW,PTL,149.3099437187615,1503
C04,HUD,PTR,158.30312350566373,1061
C04,RAW,PTR,178.00211212064178,1061
C04,HUD,S,357.96289363180438,2521
C04,RAW,S,363.0788542221531,2521
C04,HUD,TL,367.30320484073678,257
C04,RAW,TL,362.09293768369389,257
C04,HUD,TR,402.75608560521846,143
C04,RAW,TR,387.13891344481209,143
C05,HUD,PTL,173.68251776919692,149
C05,RAW,PTL,151.94427507867533,149
C05,HUD,PTR,266.39137802832948,430
C05,RAW,PTR,243.4384915050575,430
C05,HUD,S,295.18843934573835,614
C05,RAW,S,311.99803410945481,614
C05,HUD,TL,318.86591696903395,106
C05,RAW,TL,274.42709135167087,106
C05,HUD,TR,293.5108774588021,186
C05,RAW,TR,311.01383100690009,186
C06,HUD,PTL,226.64402944074584,140
C06,RAW,PTL,225.51932537444966,140
C06,HUD,PTR,74.336010773278829,108
C06,RAW,PTR,85.211595449719084,108
C06,HUD,S,308.3519242822527,721
C06,RAW,S,318.80981556772224,721
C06,HUD,TL,296.7726591932626,136
C06,RAW,TL,283.53056517702851,136
C06,HUD,TR,295.3869559571695,130
C06,RAW,TR,330.90596309810326,130
C07,HUD,PTL,244.7324906787054,182
C07,RAW,PTL,226.94503822800513,182
C07,HUD,PTR,228.72475383501947,159
C07,RAW,PTR,232.42233469840625,159
C07,HUD,S,295.86341852547889,786
C07,RAW,S,310.5538598957645,786
C07,HUD,TL,338.51075335272623,122
C07,RAW,TL,337.7695545362443,122
C07,HUD,TR,318.63797444344647,111
C07,RAW,TR,296.19081115532737,111
C08,HUD,LR,176.16273149899112,351
C08,RAW,LR,176.84484699201525,351
C08,HUD,PLR,204.9545288375011,200
C08,RAW,PLR,201.87274631003399,200
C08,HUD,S,168.13484462958533,684
C08,RAW,S,170.54191763387203,684
C09,HUD,LR,297.9602511978274,313
C09,RAW,LR,339.62232482802438,313
C09,HUD,PLR,339.42766685911022,125
C09,RAW,PLR,414.09353879466846,125
C09,HUD,S,264.27135363733123,1072
C09,RAW,S,261.45625491672394,1072
C10,HUD,LL,291.8986670814748,112
C10,RAW,LL,343.00007963978351,112
C10,HUD,LR,294.75284471388426,160
C10,RAW,LR,339.05961160744909,160
C10,HUD,PLL,336.20749454562082,125
C10,RAW,PLL,380.16398268761066,125
C10,HUD,PLR,360.43534428999533,48
C10,RAW,PLR,409.65972706392716,48
C10,HUD,S,296.68005820958183,290
C10,RAW,S,313.94559473722597,290
C11,HUD,LL,315.57470524347752,253
C11,RAW,LL,345.22666736882729,253
C11,HUD,LR,333.66087719773049,172
C11,RAW,LR,359.04071669511171,172
C11,HUD,PLL,347.24024163436309,250
C11,RAW,PLL,387.56521891158059,250
C11,HUD,PLR,391.02104559718452,1
C11,RAW,PLR,388.44864902240334,1
C11,HUD,S,300.35422268296082,309
C11,RAW,S,305.73079012124697,309
C12,HUD,LL,240.54936283519095,120
C12,RAW,LL,246.15377449821804,120
C12,HUD,LR,320.51617021021065,123
C12,RAW,LR,347.98510217559772,123
C12,HUD,PLL,219.41174723250185,125
C12,RAW,PLL,246.69575484055983,125
C12,HUD,PLR,306.12584023920971,125
C12,RAW,PLR,326.50473961639119,125
C12,HUD,PTR,267.85985149497486,183
C12,RAW,PTR,309.76097077109887,183
C12,HUD,S,300.10260111115804,953
C12,RAW,S,296.3217727848471,953
C12,HUD,TR,391.48876354397851,106
C12,RAW,TR,366.3361624631716,106
C13,HUD,PTL,121.59073333764857,241
C13,RAW,PTL,124.95173267324321,241
C13,HUD,PTR,224.96225426323306,176
C13,RAW,PTR,273.71778482999554,176
C13,HUD,S,220.51406729097852,855
C13,RAW,S,212.11055601386988,855
C13,HUD,TL,301.66972623263837,122
C13,RAW,TL,289.94491867381953,122
C13,HUD,TR,324.51354360976757,116
C13,RAW,TR,324.18801957112407,116
C14,HUD,LL,281.00200312707636,190
C14,RAW,LL,300.73194768431904,190
C14,HUD,LR,277.5871057860997,321
C14,RAW,LR,280.08643930160781,321
C14,HUD,PLL,310.28116593074225,125
C14,RAW,PLL,333.34626689968212,125
C14,HUD,PLR,308.35377563537679,250
C14,RAW,PLR,336.07551993624736,250
C14,HUD,S,266.17851453025565,1349
C14,RAW,S,273.82963117021541,1349
C15,HUD,LL,307.12978639463859,153
C15,RAW,LL,335.75428289791961,153
C15,HUD,PLL,339.97602778350381,125
C15,RAW,PLL,400.93388116531531,125
C15,HUD,PTR,91.059226208936565,308
C15,RAW,PTR,121.19424491023749,308
C15,HUD,S,319.49386140463588,682
C15,RAW,S,325.06851547189677,682
C15,HUD,TR,354.33545725845346,192
C15,RAW,TR,362.21927024653127,192
C16,HUD,LL,276.74015384840959,126
C16,RAW,LL,312.9017790134929,126
C16,HUD,LR,325.32108484990403,102
C16,RAW,LR,348.21718205152035,102
C16,HUD,PLL,308.42798474289111,125
C16,RAW,PLL,336.28127329989195,125
C16,HUD,PLR,310.87583765402434,125
C16,RAW,PLR,363.81737732143165,125
C16,HUD,PTL,215.6094467586247,619
C16,RAW,PTL,199.54309506802707,619
C16,HUD,S,309.37548992398558,1056
C16,RAW,S,322.08226554072917,1056
C16,HUD,TL,356.23520248407488,207
C16,RAW,TL,333.11876234851923,207
C17,HUD,PTL,229.47732842980534,229
C17,RAW,PTL,201.69816669700134,229
C17,HUD,PTR,128.69505670526198,83
C17,RAW,PTR,108.77333018443629,83
C17,HUD,S,303.54213565323022,1687
C17,RAW,S,307.96456414459999,1687
C17,HUD,TL,339.07728423320378,257
C17,RAW,TL,321.85823523324143,257
C17,HUD,TR,351.17424550309448,104
C17,RAW,TR,300.9241327891387,104
C18,HUD,PTL,226.93973480900556,321
C18,RAW,PTL,233.67971004862349,321
C18,HUD,PTR,162.04368625306523,124
C18,RAW,PTR,171.2020945972215,124
C18,HUD,S,293.50029493882357,468
C18,RAW,S,297.71385017276685,468
C18,HUD,TL,344.94006671196291,254
C18,RAW,TL,335.18728275156434,254
C18,HUD,TR,374.05103531307009,68
C18,RAW,TR,381.45597574505365,68
