participant_id,condition,scene_code,transition,probability
P01,HUD,LL,C->C,0.78194444444444444
P01,HUD,LL,C->L,0.18680555555555556
P01,HUD,LL,C->R,0.03125
P01,HUD,LL,L->C,0.59166666666666667
P01,HUD,LL,L->L,0.40833333333333333
P01,HUD,LL,L->R,0
P01,HUD,LL,R->C,0
P01,HUD,LL,R->L,0
P01,HUD,LL,R->R,0
P01,RAW,LL,C->C,0.98333333333333328
P01,RAW,LL,C->L,0
P01,RAW,LL,C->R,0.016666666666666649
P01,RAW,LL,L->C,0
P01,RAW,LL,L->L,0
P01,RAW,LL,L->R,0
P01,RAW,LL,R->C,0.25
P01,RAW,LL,R->L,0
P01,RAW,LL,R->R,0
P01,HUD,LR,C->C,0.94444444444444453
P01,HUD,LR,C->L,0
P01,HUD,LR,C->R,0.055555555555555532
P01,HUD,LR,L->C,0
P01,HUD,LR,L->L,0
P01,HUD,LR,L->R,0
P01,HUD,LR,R->C,0.32936507936507936
P01,HUD,LR,R->L,0
P01,HUD,LR,R->R,0.67063492063492058
P01,RAW,LR,C->C,0.98958333333333337
P01,RAW,LR,C->L,0.010416666666666666
P01,RAW,LR,C->R,0
P01,RAW,LR,L->C,0.055555555555555552
P01,RAW,LR,L->L,0.1111111111111111
P01,RAW,LR,L->R,0
P01,RAW,LR,R->C,0
P01,RAW,LR,R->L,0
P01,RAW,LR,R->R,0
P01,HUD,PLL,C->C,0.47916666666666663
P01,HUD,PLL,C->L,0.52083333333333326
P01,HUD,PLL,C->R,0
P01,HUD,PLL,L->C,0.1928661616161616
P01,HUD,PLL,L->L,0.80713383838383845
P01,HUD,PLL,L->R,0
P01,HUD,PLL,R->C,0
P01,HUD,PLL,R->L,0
P01,HUD,PLL,R->R,0
P01,RAW,PLL,C->C,1
P01,RAW,PLL,C->L,0
P01,RAW,PLL,C->R,0
P01,RAW,PLL,L->C,0
P01,RAW,PLL,L->L,0
P01,RAW,PLL,L->R,0
P01,RAW,PLL,R->C,0
P01,RAW,PLL,R->L,0
P01,RAW,PLL,R->R,0
P01,HUD,PLR,C->C,0.22500000000000001
P01,HUD,PLR,C->L,0
P01,HUD,PLR,C->R,0.77500000000000002
P01,HUD,PLR,L->C,0
P01,HUD,PLR,L->L,0
P01,HUD,PLR,L->R,0
P01,HUD,PLR,R->C,0.2476851851851852
P01,HUD,PLR,R->L,0
P01,HUD,PLR,R->R,0.75231481481481488
P01,RAW,PLR,C->C,0.90333333333333332
P01,RAW,PLR,C->L,0.016666666666666659
P01,RAW,PLR,C->R,0.079999999999999988
P01,RAW,PLR,L->C,0
P01,RAW,PLR,L->L,0
P01,RAW,PLR,L->R,0
P01,RAW,PLR,R->C,0.38
P01,RAW,PLR,R->L,0
P01,RAW,PLR,R->R,0.22000000000000003
P01,HUD,PTL,C->C,0.70931563882383553
P01,HUD,PTL,C->L,0.19723244489052449
P01,HUD,PTL,C->R,0.09345191628563991
P01,HUD,PTL,L->C,0.33397841895378838
P01,HUD,PTL,L->L,0.66602158104621156
P01,HUD,PTL,L->R,0
P01,HUD,PTL,R->C,0.41360544217687073
P01,HUD,PTL,R->L,0
P01,HUD,PTL,R->R,0.30068027210884357
P01,RAW,PTL,C->C,0.85073260073260071
P01,RAW,PTL,C->L,0.10164835164835163
P01,RAW,PTL,C->R,0.047619047619047616
P01,RAW,PTL,L->C,0.27891156462585032
P01,RAW,PTL,L->L,0.27210884353741494
P01,RAW,PTL,L->R,0.020408163265306114
P01,RAW,PTL,R->C,0.21428571428571427
P01,RAW,PTL,R->L,0
P01,RAW,PTL,R->R,0.071428571428571425
P01,HUD,PTR,C->C,0.78853391931485239
P01,HUD,PTR,C->L,0.12592592592592591
P01,HUD,PTR,C->R,0.085540154759221665
P01,HUD,PTR,L->C,0.30555555555555552
P01,HUD,PTR,L->L,0.30555555555555552
P01,HUD,PTR,L->R,0.055555555555555552
P01,HUD,PTR,R->C,0.5
P01,HUD,PTR,R->L,0
P01,HUD,PTR,R->R,0.33333333333333331
P01,RAW,PTR,C->C,0.71461640211640221
P01,RAW,PTR,C->L,0.083333333333333329
P01,RAW,PTR,C->R,0.20205026455026454
P01,RAW,PTR,L->C,0.083333333333333329
P01,RAW,PTR,L->L,0.083333333333333329
P01,RAW,PTR,L->R,0
P01,RAW,PTR,R->C,0.28333333333333333
P01,RAW,PTR,R->L,0
P01,RAW,PTR,R->R,0.54999999999999993
P01,HUD,S,C->C,0.95844144369255402
P01,HUD,S,C->L,0.02042598075755046
P01,HUD,S,C->R,0.021132575549895567
P01,HUD,S,L->C,0.18653846153846151
P01,HUD,S,L->L,0.12115384615384615
P01,HUD,S,L->R,0
P01,HUD,S,R->C,0.26602564102564102
P01,HUD,S,R->L,0
P01,HUD,S,R->R,0.041666666666666664
P01,RAW,S,C->C,0.95452158732931658
P01,RAW,S,C->L,0.021954884984296742
P01,RAW,S,C->R,0.023523527686386651
P01,RAW,S,L->C,0.16333333333333336
P01,RAW,S,L->L,0.069999999999999993
P01,RAW,S,L->R,0
P01,RAW,S,R->C,0.29913580246913585
P01,RAW,S,R->L,0
P01,RAW,S,R->R,0.067530864197530877
P01,HUD,TL,C->C,0.97142857142857142
P01,HUD,TL,C->L,0.028571428571428574
P01,HUD,TL,C->R,0
P01,HUD,TL,L->C,0.10413832199546483
P01,HUD,TL,L->L,0.89586167800453509
P01,HUD,TL,L->R,0
P01,HUD,TL,R->C,0
P01,HUD,TL,R->L,0
P01,HUD,TL,R->R,0
P01,RAW,TL,C->C,0.83412698412698405
P01,RAW,TL,C->L,0.14801587301587302
P01,RAW,TL,C->R,0.017857142857142856
P01,RAW,TL,L->C,0.53333333333333333
P01,RAW,TL,L->L,0.46666666666666667
P01,RAW,TL,L->R,0
P01,RAW,TL,R->C,0.17857142857142858
P01,RAW,TL,R->L,0
P01,RAW,TL,R->R,0.10714285714285714
P01,HUD,TR,C->C,0.52777777777777779
P01,HUD,TR,C->L,0
P01,HUD,TR,C->R,0.30555555555555552
P01,HUD,TR,L->C,0
P01,HUD,TR,L->L,0
P01,HUD,TR,L->R,0
P01,HUD,TR,R->C,0.14531695156695154
P01,HUD,TR,R->L,0
P01,HUD,TR,R->R,0.85468304843304843
P01,RAW,TR,C->C,0.77777777777777768
P01,RAW,TR,C->L,0
P01,RAW,TR,C->R,0.055555555555555552
P01,RAW,TR,L->C,0
P01,RAW,TR,L->L,0
P01,RAW,TR,L->R,0
P01,RAW,TR,R->C,0.27546296296296297
P01,RAW,TR,R->L,0
P01,RAW,TR,R->R,0.72453703703703709
P02,HUD,LL,C->C,0.89364177489177488
P02,HUD,LL,C->L,0.10635822510822507
P02,HUD,LL,C->R,0
P02,HUD,LL,L->C,0.35892857142857143
P02,HUD,LL,L->L,0.64107142857142851
P02,HUD,LL,L->R,0
P02,HUD,LL,R->C,0
P02,HUD,LL,R->L,0
P02,HUD,LL,R->R,0
P02,RAW,LL,C->C,1
P02,RAW,LL,C->L,0
P02,RAW,LL,C->R,0
P02,RAW,LL,L->C,0
P02,RAW,LL,L->L,0
P02,RAW,LL,L->R,0
P02,RAW,LL,R->C,0
P02,RAW,LL,R->L,0
P02,RAW,LL,R->R,0
P02,HUD,LR,C->C,0.91878306878306881
P02,HUD,LR,C->L,0
P02,HUD,LR,C->R,0.081216931216931187
P02,HUD,LR,L->C,0
P02,HUD,LR,L->L,0
P02,HUD,LR,L->R,0
P02,HUD,LR,R->C,0.39880952380952378
P02,HUD,LR,R->L,0
P02,HUD,LR,R->R,0.60119047619047616
P02,RAW,LR,C->C,0.9916666666666667
P02,RAW,LR,C->L,0
P02,RAW,LR,C->R,0.0083333333333333332
P02,RAW,LR,L->C,0.16666666666666666
P02,RAW,LR,L->L,0
P02,RAW,LR,L->R,0
P02,RAW,LR,R->C,0.16666666666666666
P02,RAW,LR,R->L,0
P02,RAW,LR,R->R,0
P02,HUD,PLL,C->C,0.53095238095238095
P02,HUD,PLL,C->L,0.46904761904761905
P02,HUD,PLL,C->R,0
P02,HUD,PLL,L->C,0.1294642857142857
P02,HUD,PLL,L->L,0.8705357142857143
P02,HUD,PLL,L->R,0
P02,HUD,PLL,R->C,0.25
P02,HUD,PLL,R->L,0
P02,HUD,PLL,R->R,0
P02,RAW,PLL,C->C,0.97222222222222221
P02,RAW,PLL,C->L,0.027777777777777776
P02,RAW,PLL,C->R,0
P02,RAW,PLL,L->C,0
P02,RAW,PLL,L->L,0.25
P02,RAW,PLL,L->R,0
P02,RAW,PLL,R->C,0
P02,RAW,PLL,R->L,0
P02,RAW,PLL,R->R,0
P02,HUD,PLR,C->C,0.48015873015873017
P02,HUD,PLR,C->L,0
P02,HUD,PLR,C->R,0.51984126984126988
P02,HUD,PLR,L->C,0
P02,HUD,PLR,L->L,0
P02,HUD,PLR,L->R,0
P02,HUD,PLR,R->C,0.10509860509860508
P02,HUD,PLR,R->L,0
P02,HUD,PLR,R->R,0.89490139490139498
P02,RAW,PLR,C->C,1
P02,RAW,PLR,C->L,0
P02,RAW,PLR,C->R,0
P02,RAW,PLR,L->C,0
P02,RAW,PLR,L->L,0
P02,RAW,PLR,L->R,0
P02,RAW,PLR,R->C,0.20000000000000001
P02,RAW,PLR,R->L,0
P02,RAW,PLR,R->R,0
P02,HUD,PTL,C->C,0.7765829408686552
P02,HUD,PTL,C->L,0.17736787022501305
P02,HUD,PTL,C->R,0.046049188906331744
P02,HUD,PTL,L->C,0.35299430116874336
P02,HUD,PTL,L->L,0.47557712740268521
P02,HUD,PTL,L->R,0.028571428571428574
P02,HUD,PTL,R->C,0.10714285714285714
P02,HUD,PTL,R->L,0.17857142857142858
P02,HUD,PTL,R->R,0.14285714285714285
P02,RAW,PTL,C->C,0.88484432234432231
P02,RAW,PTL,C->L,0.034798534798534786
P02,RAW,PTL,C->R,0.080357142857142863
P02,RAW,PTL,L->C,0.2857142857142857
P02,RAW,PTL,L->L,0.14285714285714285
P02,RAW,PTL,L->R,0
P02,RAW,PTL,R->C,0.14285714285714285
P02,RAW,PTL,R->L,0.11904761904761904
P02,RAW,PTL,R->R,0.16666666666666666
P02,HUD,PTR,C->C,0.84126984126984128
P02,HUD,PTR,C->L,0.086970899470899463
P02,HUD,PTR,C->R,0.071759259259259259
P02,HUD,PTR,L->C,0.31944444444444442
P02,HUD,PTR,L->L,0.32870370370370372
P02,HUD,PTR,L->R,0.018518518518518517
P02,HUD,PTR,R->C,0.12222222222222223
P02,HUD,PTR,R->L,0.011111111111111099
P02,HUD,PTR,R->R,0.3666666666666667
P02,RAW,PTR,C->C,0.87662037037037033
P02,RAW,PTR,C->L,0.011111111111111099
P02,RAW,PTR,C->R,0.11226851851851849
P02,RAW,PTR,L->C,0.066666666666666666
P02,RAW,PTR,L->L,0.099999999999999992
P02,RAW,PTR,L->R,0
P02,RAW,PTR,R->C,0.098484848484848495
P02,RAW,PTR,R->L,0.01515151515151515
P02,RAW,PTR,R->R,0.55303030303030309
P02,HUD,S,C->C,0.9073532086920495
P02,HUD,S,C->L,0.038499368821734756
P02,HUD,S,C->R,0.054147422486215721
P02,HUD,S,L->C,0.22275641025641027
P02,HUD,S,L->L,0.12339743589743589
P02,HUD,S,L->R,0
P02,HUD,S,R->C,0.4391025641025641
P02,HUD,S,R->L,0
P02,HUD,S,R->R,0.060897435897435896
P02,RAW,S,C->C,0.96803292822505349
P02,RAW,S,C->L,0.0093593189964157678
P02,RAW,S,C->R,0.022607752778530762
P02,RAW,S,L->C,0.1139784946236559
P02,RAW,S,L->L,0.079569892473118284
P02,RAW,S,L->R,0
P02,RAW,S,R->C,0.10483870967741936
P02,RAW,S,R->L,0
P02,RAW,S,R->R,0.056451612903225805
P02,HUD,TL,C->C,0.79761904761904756
P02,HUD,TL,C->L,0.059523809523809521
P02,HUD,TL,C->R,0
P02,HUD,TL,L->C,0.099282661782661777
P02,HUD,TL,L->L,0.90071733821733824
P02,HUD,TL,L->R,0
P02,HUD,TL,R->C,0
P02,HUD,TL,R->L,0
P02,HUD,TL,R->R,0
P02,RAW,TL,C->C,0.91091051805337531
P02,RAW,TL,C->L,0.089089481946624791
P02,RAW,TL,C->R,0
P02,RAW,TL,L->C,0.25748299319727891
P02,RAW,TL,L->L,0.74251700680272115
P02,RAW,TL,L->R,0
P02,RAW,TL,R->C,0.028571428571428574
P02,RAW,TL,R->L,0
P02,RAW,TL,R->R,0.1142857142857143
P02,HUD,TR,C->C,0.81349206349206338
P02,HUD,TR,C->L,0.055555555555555552
P02,HUD,TR,C->R,0.13095238095238093
P02,HUD,TR,L->C,0.083333333333333329
P02,HUD,TR,L->L,0
P02,HUD,TR,L->R,0.083333333333333329
P02,HUD,TR,R->C,0.18015151515151515
P02,HUD,TR,R->L,0
P02,HUD,TR,R->R,0.81984848484848483
P02,RAW,TR,C->C,0.90396825396825398
P02,RAW,TR,C->L,0
P02,RAW,TR,C->R,0.096031746031746024
P02,RAW,TR,L->C,0
P02,RAW,TR,L->L,0
P02,RAW,TR,L->R,0
P02,RAW,TR,R->C,0.32797619047619048
P02,RAW,TR,R->L,0
P02,RAW,TR,R->R,0.50535714285714284
P03,HUD,LL,C->C,0.97727272727272729
P03,HUD,LL,C->L,0.022727272727272724
P03,HUD,LL,C->R,0
P03,HUD,LL,L->C,0.33333333333333331
P03,HUD,LL,L->L,0.16666666666666666
P03,HUD,LL,L->R,0
P03,HUD,LL,R->C,0
P03,HUD,LL,R->L,0
P03,HUD,LL,R->R,0
P03,RAW,LL,C->C,1
P03,RAW,LL,C->L,0
P03,RAW,LL,C->R,0
P03,RAW,LL,L->C,0
P03,RAW,LL,L->L,0
P03,RAW,LL,L->R,0
P03,RAW,LL,R->C,0
P03,RAW,LL,R->L,0
P03,RAW,LL,R->R,0
P03,HUD,LR,C->C,0.98484848484848486
P03,HUD,LR,C->L,0
P03,HUD,LR,C->R,0.01515151515151515
P03,HUD,LR,L->C,0
P03,HUD,LR,L->L,0
P03,HUD,LR,L->R,0
P03,HUD,LR,R->C,0.033333333333333333
P03,HUD,LR,R->L,0
P03,HUD,LR,R->R,0.13333333333333333
P03,RAW,LR,C->C,1
P03,RAW,LR,C->L,0
P03,RAW,LR,C->R,0
P03,RAW,LR,L->C,0
P03,RAW,LR,L->L,0
P03,RAW,LR,L->R,0
P03,RAW,LR,R->C,0
P03,RAW,LR,R->L,0
P03,RAW,LR,R->R,0
P03,HUD,PLL,C->C,0.87876706626706635
P03,HUD,PLL,C->L,0.1212329337329337
P03,HUD,PLL,C->R,0
P03,HUD,PLL,L->C,0.52083333333333326
P03,HUD,PLL,L->L,0.47916666666666663
P03,HUD,PLL,L->R,0
P03,HUD,PLL,R->C,0
P03,HUD,PLL,R->L,0
P03,HUD,PLL,R->R,0
P03,RAW,PLL,C->C,0.97727272727272729
P03,RAW,PLL,C->L,0.022727272727272724
P03,RAW,PLL,C->R,0
P03,RAW,PLL,L->C,0.125
P03,RAW,PLL,L->L,0.125
P03,RAW,PLL,L->R,0
P03,RAW,PLL,R->C,0
P03,RAW,PLL,R->L,0
P03,RAW,PLL,R->R,0
P03,HUD,PLR,C->C,0.88658008658008658
P03,HUD,PLR,C->L,0
P03,HUD,PLR,C->R,0.11341991341991338
P03,HUD,PLR,L->C,0
P03,HUD,PLR,L->L,0
P03,HUD,PLR,L->R,0
P03,HUD,PLR,R->C,0.34666666666666668
P03,HUD,PLR,R->L,0
P03,HUD,PLR,R->R,0.45333333333333331
P03,RAW,PLR,C->C,1
P03,RAW,PLR,C->L,0
P03,RAW,PLR,C->R,0
P03,RAW,PLR,L->C,0
P03,RAW,PLR,L->L,0
P03,RAW,PLR,L->R,0
P03,RAW,PLR,R->C,0
P03,RAW,PLR,R->L,0
P03,RAW,PLR,R->R,0
P03,HUD,PTL,C->C,0.76758658008658009
P03,HUD,PTL,C->L,0.23241341991341988
P03,HUD,PTL,C->R,0
P03,HUD,PTL,L->C,0.29047619047619044
P03,HUD,PTL,L->L,0.56666666666666665
P03,HUD,PTL,L->R,0
P03,HUD,PTL,R->C,0
P03,HUD,PTL,R->L,0
P03,HUD,PTL,R->R,0
P03,RAW,PTL,C->C,0.91052964717561002
P03,RAW,PTL,C->L,0.087539850893888133
P03,RAW,PTL,C->R,0.0019305019305019286
P03,RAW,PTL,L->C,0.46309523809523806
P03,RAW,PTL,L->L,0.53690476190476188
P03,RAW,PTL,L->R,0
P03,RAW,PTL,R->C,0.14285714285714285
P03,RAW,PTL,R->L,0
P03,RAW,PTL,R->R,0
P03,HUD,PTR,C->C,0.87197802197802199
P03,HUD,PTR,C->L,0
P03,HUD,PTR,C->R,0.12802197802197801
P03,HUD,PTR,L->C,0
P03,HUD,PTR,L->L,0
P03,HUD,PTR,L->R,0
P03,HUD,PTR,R->C,0.036549707602339165
P03,HUD,PTR,R->L,0
P03,HUD,PTR,R->R,0.79678362573099415
P03,RAW,PTR,C->C,0.95103128460686603
P03,RAW,PTR,C->L,0
P03,RAW,PTR,C->R,0.048968715393133987
P03,RAW,PTR,L->C,0
P03,RAW,PTR,L->L,0
P03,RAW,PTR,L->R,0
P03,RAW,PTR,R->C,0.10185185185185186
P03,RAW,PTR,R->L,0
P03,RAW,PTR,R->R,0.39814814814814814
P03,HUD,S,C->C,0.9620512820512821
P03,HUD,S,C->L,0
P03,HUD,S,C->R,0.0046153846153846141
P03,HUD,S,L->C,0.033333333333333333
P03,HUD,S,L->L,0
P03,HUD,S,L->R,0
P03,HUD,S,R->C,0
P03,HUD,S,R->L,0
P03,HUD,S,R->R,0.066666666666666666
P03,RAW,S,C->C,0.99907321594068577
P03,RAW,S,C->L,0.00046339202965708844
P03,RAW,S,C->R,0.00046339202965708844
P03,RAW,S,L->C,0.0085470085470085461
P03,RAW,S,L->L,0.029914529914529916
P03,RAW,S,L->R,0
P03,RAW,S,R->C,0.11538461538461539
P03,RAW,S,R->L,0
P03,RAW,S,R->R,0
P03,HUD,TL,C->C,0.95238095238095233
P03,HUD,TL,C->L,0.047619047619047616
P03,HUD,TL,C->R,0
P03,HUD,TL,L->C,0.15396825396825395
P03,HUD,TL,L->L,0.84603174603174602
P03,HUD,TL,L->R,0
P03,HUD,TL,R->C,0
P03,HUD,TL,R->L,0
P03,HUD,TL,R->R,0
P03,RAW,TL,C->C,0.88775510204081631
P03,RAW,TL,C->L,0.11224489795918365
P03,RAW,TL,C->R,0
P03,RAW,TL,L->C,0.14948107448107445
P03,RAW,TL,L->L,0.85051892551892549
P03,RAW,TL,L->R,0
P03,RAW,TL,R->C,0
P03,RAW,TL,R->L,0
P03,RAW,TL,R->R,0
P03,HUD,TR,C->C,0.96666666666666667
P03,HUD,TR,C->L,0
P03,HUD,TR,C->R,0.033333333333333333
P03,HUD,TR,L->C,0
P03,HUD,TR,L->L,0
P03,HUD,TR,L->R,0
P03,HUD,TR,R->C,0.19074074074074074
P03,HUD,TR,R->L,0
P03,HUD,TR,R->R,0.80925925925925923
P03,RAW,TR,C->C,0.5
P03,RAW,TR,C->L,0.083333333333333329
P03,RAW,TR,C->R,0.25
P03,RAW,TR,L->C,0.16666666666666666
P03,RAW,TR,L->L,0
P03,RAW,TR,L->R,0
P03,RAW,TR,R->C,0.1275132275132275
P03,RAW,TR,R->L,0
P03,RAW,TR,R->R,0.87248677248677253
P04,HUD,LL,C->C,0.93333333333333335
P04,HUD,LL,C->L,0.04166666666666665
P04,HUD,LL,C->R,0.025000000000000001
P04,HUD,LL,L->C,0.125
P04,HUD,LL,L->L,0.125
P04,HUD,LL,L->R,0
P04,HUD,LL,R->C,0.25
P04,HUD,LL,R->L,0
P04,HUD,LL,R->R,0
P04,RAW,LL,C->C,1
P04,RAW,LL,C->L,0
P04,RAW,LL,C->R,0
P04,RAW,LL,L->C,0
P04,RAW,LL,L->L,0
P04,RAW,LL,L->R,0
P04,RAW,LL,R->C,0
P04,RAW,LL,R->L,0
P04,RAW,LL,R->R,0
P04,HUD,LR,C->C,0.99242424242424254
P04,HUD,LR,C->L,0
P04,HUD,LR,C->R,0.0075757575757575664
P04,HUD,LR,L->C,0
P04,HUD,LR,L->L,0
P04,HUD,LR,L->R,0
P04,HUD,LR,R->C,0.16666666666666666
P04,HUD,LR,R->L,0
P04,HUD,LR,R->R,0
P04,RAW,LR,C->C,0.95686274509803926
P04,RAW,LR,C->L,0
P04,RAW,LR,C->R,0.043137254901960791
P04,RAW,LR,L->C,0
P04,RAW,LR,L->L,0
P04,RAW,LR,L->R,0
P04,RAW,LR,R->C,0.19444444444444442
P04,RAW,LR,R->L,0
P04,RAW,LR,R->R,0.13888888888888887
P04,HUD,PLL,C->C,0.84999999999999998
P04,HUD,PLL,C->L,0.14999999999999999
P04,HUD,PLL,C->R,0
P04,HUD,PLL,L->C,0.33333333333333331
P04,HUD,PLL,L->L,0.41666666666666663
P04,HUD,PLL,L->R,0
P04,HUD,PLL,R->C,0
P04,HUD,PLL,R->L,0
P04,HUD,PLL,R->R,0
P04,RAW,PLL,C->C,1
P04,RAW,PLL,C->L,0
P04,RAW,PLL,C->R,0
P04,RAW,PLL,L->C,0
P04,RAW,PLL,L->L,0
P04,RAW,PLL,L->R,0
P04,RAW,PLL,R->C,0
P04,RAW,PLL,R->L,0
P04,RAW,PLL,R->R,0
P04,HUD,PLR,C->C,0.78000000000000003
P04,HUD,PLR,C->L,0.02
P04,HUD,PLR,C->R,0.20000000000000001
P04,HUD,PLR,L->C,0.20000000000000001
P04,HUD,PLR,L->L,0
P04,HUD,PLR,L->R,0
P04,HUD,PLR,R->C,0.23333333333333331
P04,HUD,PLR,R->L,0
P04,HUD,PLR,R->R,0.16666666666666666
P04,RAW,PLR,C->C,0.9375
P04,RAW,PLR,C->L,0.020833333333333332
P04,RAW,PLR,C->R,0.041666666666666664
P04,RAW,PLR,L->C,0.16666666666666666
P04,RAW,PLR,L->L,0
P04,RAW,PLR,L->R,0
P04,RAW,PLR,R->C,0.16666666666666666
P04,RAW,PLR,R->L,0
P04,RAW,PLR,R->R,0
P04,HUD,PTL,C->C,0.90716902145473577
P04,HUD,PTL,C->L,0.072422815279958114
P04,HUD,PTL,C->R,0.020408163265306114
P04,HUD,PTL,L->C,0.42857142857142855
P04,HUD,PTL,L->L,0.2857142857142857
P04,HUD,PTL,L->R,0
P04,HUD,PTL,R->C,0.14285714285714285
P04,HUD,PTL,R->L,0
P04,HUD,PTL,R->R,0
P04,RAW,PTL,C->C,0.91777296381476769
P04,RAW,PTL,C->L,0.076396132395144867
P04,RAW,PTL,C->R,0.0058309037900874574
P04,RAW,PTL,L->C,0.2192982456140351
P04,RAW,PTL,L->L,0.35213032581453635
P04,RAW,PTL,L->R,0
P04,RAW,PTL,R->C,0.095238095238095233
P04,RAW,PTL,R->L,0
P04,RAW,PTL,R->R,0.047619047619047616
P04,HUD,PTR,C->C,0.87129537129537127
P04,HUD,PTR,C->L,0.012820512820512817
P04,HUD,PTR,C->R,0.11588411588411585
P04,HUD,PTR,L->C,0.083333333333333329
P04,HUD,PTR,L->L,0.083333333333333329
P04,HUD,PTR,L->R,0
P04,HUD,PTR,R->C,0.1964285714285714
P04,HUD,PTR,R->L,0
P04,HUD,PTR,R->R,0.30357142857142855
P04,RAW,PTR,C->C,0.85519781144781148
P04,RAW,PTR,C->L,0.038510101010101001
P04,RAW,PTR,C->R,0.10629208754208752
P04,RAW,PTR,L->C,0.375
P04,RAW,PTR,L->L,0.1875
P04,RAW,PTR,L->R,0.10416666666666667
P04,RAW,PTR,R->C,0.4861111111111111
P04,RAW,PTR,R->L,0.055555555555555552
P04,RAW,PTR,R->R,0.29166666666666669
P04,HUD,S,C->C,0.97100877780755834
P04,HUD,S,C->L,0.022300135501355005
P04,HUD,S,C->R,0.0066910866910866867
P04,HUD,S,L->C,0.22833333333333333
P04,HUD,S,L->L,0.07166666666666667
P04,HUD,S,L->R,0
P04,HUD,S,R->C,0.11666666666666667
P04,HUD,S,R->L,0
P04,HUD,S,R->R,0.050000000000000003
P04,RAW,S,C->C,0.92251409038066312
P04,RAW,S,C->L,0.048044840068691481
P04,RAW,S,C->R,0.029441069550645318
P04,RAW,S,L->C,0.36785009861932938
P04,RAW,S,L->L,0.13214990138067062
P04,RAW,S,L->R,0
P04,RAW,S,R->C,0.1606837606837607
P04,RAW,S,R->L,0.01282051282051282
P04,RAW,S,R->R,0.13418803418803418
P04,HUD,TL,C->C,0.70418985776128629
P04,HUD,TL,C->L,0.22438157081014223
P04,HUD,TL,C->R,0.071428571428571425
P04,HUD,TL,L->C,0.20890022675736958
P04,HUD,TL,L->L,0.79109977324263048
P04,HUD,TL,L->R,0
P04,HUD,TL,R->C,0.14285714285714285
P04,HUD,TL,R->L,0
P04,HUD,TL,R->R,0
P04,RAW,TL,C->C,0.6297464440321584
P04,RAW,TL,C->L,0.35438054009482578
P04,RAW,TL,C->R,0.015873015873015872
P04,RAW,TL,L->C,0.23503401360544215
P04,RAW,TL,L->L,0.75068027210884358
P04,RAW,TL,L->R,0.014285714285714287
P04,RAW,TL,R->C,0.35714285714285715
P04,RAW,TL,R->L,0.071428571428571425
P04,RAW,TL,R->R,0
P04,HUD,TR,C->C,0.78518518518518521
P04,HUD,TR,C->L,0
P04,HUD,TR,C->R,0.21481481481481479
P04,HUD,TR,L->C,0
P04,HUD,TR,L->L,0
P04,HUD,TR,L->R,0
P04,HUD,TR,R->C,0.23035714285714282
P04,HUD,TR,R->L,0
P04,HUD,TR,R->R,0.76964285714285718
P04,RAW,TR,C->C,0.61111111111111105
P04,RAW,TR,C->L,0.041666666666666664
P04,RAW,TR,C->R,0.18055555555555555
P04,RAW,TR,L->C,0.16666666666666666
P04,RAW,TR,L->L,0
P04,RAW,TR,L->R,0
P04,RAW,TR,R->C,0.15396825396825395
P04,RAW,TR,R->L,0
P04,RAW,TR,R->R,0.84603174603174602
P05,HUD,LL,C->C,0.95643939393939392
P05,HUD,LL,C->L,0.04356060606060605
P05,HUD,LL,C->R,0
P05,HUD,LL,L->C,0.5
P05,HUD,LL,L->L,0
P05,HUD,LL,L->R,0
P05,HUD,LL,R->C,0
P05,HUD,LL,R->L,0
P05,HUD,LL,R->R,0
P05,RAW,LL,C->C,0.98214285714285721
P05,RAW,LL,C->L,0.017857142857142849
P05,RAW,LL,C->R,0
P05,RAW,LL,L->C,0.16666666666666666
P05,RAW,LL,L->L,0.083333333333333329
P05,RAW,LL,L->R,0
P05,RAW,LL,R->C,0
P05,RAW,LL,R->L,0
P05,RAW,LL,R->R,0
P05,HUD,LR,C->C,0.96875
P05,HUD,LR,C->L,0
P05,HUD,LR,C->R,0.03125
P05,HUD,LR,L->C,0
P05,HUD,LR,L->L,0
P05,HUD,LR,L->R,0
P05,HUD,LR,R->C,0.33333333333333331
P05,HUD,LR,R->L,0
P05,HUD,LR,R->R,0
P05,RAW,LR,C->C,0.9784722222222223
P05,RAW,LR,C->L,0.011111111111111099
P05,RAW,LR,C->R,0.010416666666666666
P05,RAW,LR,L->C,0.16666666666666666
P05,RAW,LR,L->L,0
P05,RAW,LR,L->R,0
P05,RAW,LR,R->C,0.3666666666666667
P05,RAW,LR,R->L,0
P05,RAW,LR,R->R,0.13333333333333333
P05,HUD,PLL,C->C,0.75303030303030305
P05,HUD,PLL,C->L,0.24696969696969695
P05,HUD,PLL,C->R,0
P05,HUD,PLL,L->C,0.9375
P05,HUD,PLL,L->L,0.0625
P05,HUD,PLL,L->R,0
P05,HUD,PLL,R->C,0
P05,HUD,PLL,R->L,0
P05,HUD,PLL,R->R,0
P05,RAW,PLL,C->C,0.89602272727272725
P05,RAW,PLL,C->L,0.10397727272727272
P05,RAW,PLL,C->R,0
P05,RAW,PLL,L->C,0.083333333333333329
P05,RAW,PLL,L->L,0.41666666666666663
P05,RAW,PLL,L->R,0
P05,RAW,PLL,R->C,0.25
P05,RAW,PLL,R->L,0
P05,RAW,PLL,R->R,0
P05,HUD,PLR,C->C,0.77997280497280508
P05,HUD,PLR,C->L,0
P05,HUD,PLR,C->R,0.220027195027195
P05,HUD,PLR,L->C,0
P05,HUD,PLR,L->L,0
P05,HUD,PLR,L->R,0
P05,HUD,PLR,R->C,0.48888888888888887
P05,HUD,PLR,R->L,0
P05,HUD,PLR,R->R,0.3444444444444445
P05,RAW,PLR,C->C,0.71111111111111114
P05,RAW,PLR,C->L,0
P05,RAW,PLR,C->R,0.12222222222222222
P05,RAW,PLR,L->C,0
P05,RAW,PLR,L->L,0
P05,RAW,PLR,L->R,0
P05,RAW,PLR,R->C,0.18650793650793651
P05,RAW,PLR,R->L,0
P05,RAW,PLR,R->R,0.31349206349206349
P05,HUD,PTL,C->C,0.85921368058464842
P05,HUD,PTL,C->L,0.11453736675510866
P05,HUD,PTL,C->R,0.02624895266024297
P05,HUD,PTL,L->C,0.73863636363636354
P05,HUD,PTL,L->L,0.11850649350649349
P05,HUD,PTL,L->R,0
P05,HUD,PTL,R->C,0.35034013605442171
P05,HUD,PTL,R->L,0
P05,HUD,PTL,R->R,0.22108843537414966
P05,RAW,PTL,C->C,0.7725932797361369
P05,RAW,PTL,C->L,0.16997526283240566
P05,RAW,PTL,C->R,0.057431457431457431
P05,RAW,PTL,L->C,0.23809523809523808
P05,RAW,PTL,L->L,0.44047619047619041
P05,RAW,PTL,L->R,0.035714285714285712
P05,RAW,PTL,R->C,0.19047619047619047
P05,RAW,PTL,R->L,0
P05,RAW,PTL,R->R,0.23809523809523808
P05,HUD,PTR,C->C,0.83615365977614664
P05,HUD,PTR,C->L,0.047380450070323488
P05,HUD,PTR,C->R,0.11646589015352975
P05,HUD,PTR,L->C,0.1891025641025641
P05,HUD,PTR,L->L,0.29807692307692307
P05,HUD,PTR,L->R,0.012820512820512817
P05,HUD,PTR,R->C,0.26488095238095238
P05,HUD,PTR,R->L,0
P05,HUD,PTR,R->R,0.56845238095238093
P05,RAW,PTR,C->C,0.80866189910307551
P05,RAW,PTR,C->L,0.033333333333333333
P05,RAW,PTR,C->R,0.15800476756359108
P05,RAW,PTR,L->C,0.10833333333333334
P05,RAW,PTR,L->L,0.22500000000000001
P05,RAW,PTR,L->R,0
P05,RAW,PTR,R->C,0.12286324786324786
P05,RAW,PTR,R->L,0.012820512820512817
P05,RAW,PTR,R->R,0.53098290598290598
P05,HUD,S,C->C,0.92183251883953277
P05,HUD,S,C->L,0.046499556955857585
P05,HUD,S,C->R,0.031667924204609614
P05,HUD,S,L->C,0.30783799533799533
P05,HUD,S,L->L,0.11523892773892773
P05,HUD,S,L->R,0
P05,HUD,S,R->C,0.40604395604395604
P05,HUD,S,R->L,0
P05,HUD,S,R->R,0.055494505494505485
P05,RAW,S,C->C,0.93649546955102514
P05,RAW,S,C->L,0.014837384837384827
P05,RAW,S,C->R,0.015333812278256713
P05,RAW,S,L->C,0.23333333333333334
P05,RAW,S,L->L,0.033333333333333333
P05,RAW,S,L->R,0
P05,RAW,S,R->C,0.23555555555555555
P05,RAW,S,R->L,0
P05,RAW,S,R->R,0.031111111111111107
P05,HUD,TL,C->C,0.6010204081632653
P05,HUD,TL,C->L,0.39897959183673465
P05,HUD,TL,C->R,0
P05,HUD,TL,L->C,0.23339517625231906
P05,HUD,TL,L->L,0.76660482374768091
P05,HUD,TL,L->R,0
P05,HUD,TL,R->C,0
P05,HUD,TL,R->L,0
P05,HUD,TL,R->R,0
P05,RAW,TL,C->C,0.8344671201814059
P05,RAW,TL,C->L,0.14512471655328799
P05,RAW,TL,C->R,0.020408163265306114
P05,RAW,TL,L->C,0.14644403215831786
P05,RAW,TL,L->L,0.85355596784168219
P05,RAW,TL,L->R,0
P05,RAW,TL,R->C,0.14285714285714285
P05,RAW,TL,R->L,0
P05,RAW,TL,R->R,0
P05,HUD,TR,C->C,0.61904761904761907
P05,HUD,TR,C->L,0
P05,HUD,TR,C->R,0.21428571428571427
P05,HUD,TR,L->C,0
P05,HUD,TR,L->L,0
P05,HUD,TR,L->R,0
P05,HUD,TR,R->C,0.165359477124183
P05,HUD,TR,R->L,0
P05,HUD,TR,R->R,0.83464052287581703
P05,RAW,TR,C->C,0.87619047619047619
P05,RAW,TR,C->L,0.023809523809523798
P05,RAW,TR,C->R,0.10000000000000002
P05,RAW,TR,L->C,0
P05,RAW,TR,L->L,0
P05,RAW,TR,L->R,0
P05,RAW,TR,R->C,0.16130952380952379
P05,RAW,TR,R->L,0
P05,RAW,TR,R->R,0.67202380952380958
P06,HUD,LL,C->C,0.96164772727272729
P06,HUD,LL,C->L,0
P06,HUD,LL,C->R,0.038352272727272721
P06,HUD,LL,L->C,0.25
P06,HUD,LL,L->L,0
P06,HUD,LL,L->R,0
P06,HUD,LL,R->C,0.5
P06,HUD,LL,R->L,0
P06,HUD,LL,R->R,0
P06,RAW,LL,C->C,1
P06,RAW,LL,C->L,0
P06,RAW,LL,C->R,0
P06,RAW,LL,L->C,0
P06,RAW,LL,L->L,0
P06,RAW,LL,L->R,0
P06,RAW,LL,R->C,0
P06,RAW,LL,R->L,0
P06,RAW,LL,R->R,0
P06,HUD,LR,C->C,0.97829131652661061
P06,HUD,LR,C->L,0
P06,HUD,LR,C->R,0.021708683473389348
P06,HUD,LR,L->C,0.083333333333333329
P06,HUD,LR,L->L,0.083333333333333329
P06,HUD,LR,L->R,0
P06,HUD,LR,R->C,0.16666666666666666
P06,HUD,LR,R->L,0
P06,HUD,LR,R->R,0.16666666666666666
P06,RAW,LR,C->C,0.9425770308123248
P06,RAW,LR,C->L,0.023809523809523798
P06,RAW,LR,C->R,0.033613445378151245
P06,RAW,LR,L->C,0.041666666666666664
P06,RAW,LR,L->L,0.125
P06,RAW,LR,L->R,0
P06,RAW,LR,R->C,0.25
P06,RAW,LR,R->L,0
P06,RAW,LR,R->R,0.083333333333333329
P06,HUD,PLL,C->C,0.86079545454545459
P06,HUD,PLL,C->L,0.13920454545454544
P06,HUD,PLL,C->R,0
P06,HUD,PLL,L->C,0.625
P06,HUD,PLL,L->L,0.375
P06,HUD,PLL,L->R,0
P06,HUD,PLL,R->C,0
P06,HUD,PLL,R->L,0
P06,HUD,PLL,R->R,0
P06,RAW,PLL,C->C,0.97916666666666663
P06,RAW,PLL,C->L,0.020833333333333325
P06,RAW,PLL,C->R,0
P06,RAW,PLL,L->C,0.25
P06,RAW,PLL,L->L,0
P06,RAW,PLL,L->R,0
P06,RAW,PLL,R->C,0
P06,RAW,PLL,R->L,0
P06,RAW,PLL,R->R,0
P06,HUD,PLR,C->C,0.81904761904761902
P06,HUD,PLR,C->L,0.02857142857142856
P06,HUD,PLR,C->R,0.15238095238095237
P06,HUD,PLR,L->C,0.10000000000000001
P06,HUD,PLR,L->L,0.10000000000000001
P06,HUD,PLR,L->R,0
P06,HUD,PLR,R->C,0.18214285714285713
P06,HUD,PLR,R->L,0
P06,HUD,PLR,R->R,0.41785714285714287
P06,RAW,PLR,C->C,0.95138888888888895
P06,RAW,PLR,C->L,0
P06,RAW,PLR,C->R,0.048611111111111105
P06,RAW,PLR,L->C,0
P06,RAW,PLR,L->L,0
P06,RAW,PLR,L->R,0
P06,RAW,PLR,R->C,0.25
P06,RAW,PLR,R->L,0
P06,RAW,PLR,R->R,0.083333333333333329
P06,HUD,PTL,C->C,0.78365800865800861
P06,HUD,PTL,C->L,0.17597402597402598
P06,HUD,PTL,C->R,0.040367965367965351
P06,HUD,PTL,L->C,0.36428571428571427
P06,HUD,PTL,L->L,0.2857142857142857
P06,HUD,PTL,L->R,0.064285714285714293
P06,HUD,PTL,R->C,0.35714285714285715
P06,HUD,PTL,R->L,0.17857142857142858
P06,HUD,PTL,R->R,0.17857142857142858
P06,RAW,PTL,C->C,0.82302202932455037
P06,RAW,PTL,C->L,0.10689455269287199
P06,RAW,PTL,C->R,0.070083417982577625
P06,RAW,PTL,L->C,0.5357142857142857
P06,RAW,PTL,L->L,0.40873015873015872
P06,RAW,PTL,L->R,0.055555555555555539
P06,RAW,PTL,R->C,0.22210884353741495
P06,RAW,PTL,R->L,0.04642857142857143
P06,RAW,PTL,R->R,0.30289115646258502
P06,HUD,PTR,C->C,0.78477633477633468
P06,HUD,PTR,C->L,0.065277777777777768
P06,HUD,PTR,C->R,0.14994588744588744
P06,HUD,PTR,L->C,0.34444444444444439
P06,HUD,PTR,L->L,0.12222222222222223
P06,HUD,PTR,L->R,0.033333333333333333
P06,HUD,PTR,R->C,0.25378787878787878
P06,HUD,PTR,R->L,0.01515151515151515
P06,HUD,PTR,R->R,0.39772727272727271
P06,RAW,PTR,C->C,0.72087455028631497
P06,RAW,PTR,C->L,0.15248509660274365
P06,RAW,PTR,C->R,0.12664035311094132
P06,RAW,PTR,L->C,0.24807422969187673
P06,RAW,PTR,L->L,0.32930672268907563
P06,RAW,PTR,L->R,0.25595238095238093
P06,RAW,PTR,R->C,0.37309368191721132
P06,RAW,PTR,R->L,0.18627450980392157
P06,RAW,PTR,R->R,0.27396514161220042
P06,HUD,S,C->C,0.8979708223375279
P06,HUD,S,C->L,0.041196343172472748
P06,HUD,S,C->R,0.060832834489999398
P06,HUD,S,L->C,0.32222222222222219
P06,HUD,S,L->L,0.1111111111111111
P06,HUD,S,L->R,0.033333333333333333
P06,HUD,S,R->C,0.47574074074074074
P06,HUD,S,R->L,0
P06,HUD,S,R->R,0.090925925925925924
P06,RAW,S,C->C,0.89945552795959793
P06,RAW,S,C->L,0.044165346441066872
P06,RAW,S,C->R,0.056379125599335195
P06,RAW,S,L->C,0.22973137973137975
P06,RAW,S,L->L,0.14633699633699632
P06,RAW,S,L->R,0.0085470085470085427
P06,RAW,S,R->C,0.40432692307692303
P06,RAW,S,R->L,0.040865384615384616
P06,RAW,S,R->R,0.13173076923076923
P06,HUD,TL,C->C,0.68911564625850341
P06,HUD,TL,C->L,0.26326530612244892
P06,HUD,TL,C->R,0.047619047619047603
P06,HUD,TL,L->C,0.26700680272108845
P06,HUD,TL,L->L,0.73299319727891166
P06,HUD,TL,L->R,0
P06,HUD,TL,R->C,0.047619047619047616
P06,HUD,TL,R->L,0.19047619047619047
P06,HUD,TL,R->R,0.047619047619047616
P06,RAW,TL,C->C,0.6899092970521542
P06,RAW,TL,C->L,0.28151927437641722
P06,RAW,TL,C->R,0.028571428571428574
P06,RAW,TL,L->C,0.32240259740259741
P06,RAW,TL,L->L,0.66461038961038965
P06,RAW,TL,L->R,0.012987012987012986
P06,RAW,TL,R->C,0.071428571428571425
P06,RAW,TL,R->L,0.14285714285714285
P06,RAW,TL,R->R,0.071428571428571425
P06,HUD,TR,C->C,0.82552910052910056
P06,HUD,TR,C->L,0.041666666666666664
P06,HUD,TR,C->R,0.13280423280423281
P06,HUD,TR,L->C,0
P06,HUD,TR,L->L,0.16666666666666666
P06,HUD,TR,L->R,0.33333333333333331
P06,HUD,TR,R->C,0.42142857142857143
P06,HUD,TR,R->L,0.083333333333333329
P06,HUD,TR,R->R,0.49523809523809526
P06,RAW,TR,C->C,0.53472222222222221
P06,RAW,TR,C->L,0.083333333333333329
P06,RAW,TR,C->R,0.38194444444444442
P06,RAW,TR,L->C,0.16666666666666666
P06,RAW,TR,L->L,0.083333333333333329
P06,RAW,TR,L->R,0.25
P06,RAW,TR,R->C,0.28454184704184698
P06,RAW,TR,R->L,0.011904761904761899
P06,RAW,TR,R->R,0.70355339105339099
P07,HUD,LL,C->C,0.98076923076923084
P07,HUD,LL,C->L,0.019230769230769225
P07,HUD,LL,C->R,0
P07,HUD,LL,L->C,0.5
P07,HUD,LL,L->L,0
P07,HUD,LL,L->R,0
P07,HUD,LL,R->C,0
P07,HUD,LL,R->L,0
P07,HUD,LL,R->R,0
P07,RAW,LL,C->C,0.95138888888888884
P07,RAW,LL,C->L,0.020833333333333325
P07,RAW,LL,C->R,0.027777777777777776
P07,RAW,LL,L->C,0.33333333333333331
P07,RAW,LL,L->L,0.16666666666666666
P07,RAW,LL,L->R,0
P07,RAW,LL,R->C,0.25
P07,RAW,LL,R->L,0
P07,RAW,LL,R->R,0
P07,HUD,LR,C->C,0.97113289760348576
P07,HUD,LR,C->L,0
P07,HUD,LR,C->R,0.02886710239651415
P07,HUD,LR,L->C,0
P07,HUD,LR,L->L,0
P07,HUD,LR,L->R,0
P07,HUD,LR,R->C,0.41666666666666669
P07,HUD,LR,R->L,0
P07,HUD,LR,R->R,0.083333333333333329
P07,RAW,LR,C->C,0.96345029239766078
P07,RAW,LR,C->L,0.016666666666666666
P07,RAW,LR,C->R,0.019883040935672499
P07,RAW,LR,L->C,0.16666666666666666
P07,RAW,LR,L->L,0
P07,RAW,LR,L->R,0
P07,RAW,LR,R->C,0.53333333333333333
P07,RAW,LR,R->L,0
P07,RAW,LR,R->R,0.13333333333333333
P07,HUD,PLL,C->C,0.5982142857142857
P07,HUD,PLL,C->L,0.4017857142857143
P07,HUD,PLL,C->R,0
P07,HUD,PLL,L->C,0.26884920634920634
P07,HUD,PLL,L->L,0.73115079365079361
P07,HUD,PLL,L->R,0
P07,HUD,PLL,R->C,0
P07,HUD,PLL,R->L,0
P07,HUD,PLL,R->R,0
P07,RAW,PLL,C->C,0.75714285714285712
P07,RAW,PLL,C->L,0.24285714285714283
P07,RAW,PLL,C->R,0
P07,RAW,PLL,L->C,0.46590909090909088
P07,RAW,PLL,L->L,0.28409090909090906
P07,RAW,PLL,L->R,0
P07,RAW,PLL,R->C,0
P07,RAW,PLL,R->L,0
P07,RAW,PLL,R->R,0
P07,HUD,PLR,C->C,0.67895437895437905
P07,HUD,PLR,C->L,0
P07,HUD,PLR,C->R,0.15437895437895435
P07,HUD,PLR,L->C,0
P07,HUD,PLR,L->L,0
P07,HUD,PLR,L->R,0
P07,HUD,PLR,R->C,0.31666666666666665
P07,HUD,PLR,R->L,0
P07,HUD,PLR,R->R,0.51666666666666672
P07,RAW,PLR,C->C,0.89392551892551897
P07,RAW,PLR,C->L,0
P07,RAW,PLR,C->R,0.10607448107448104
P07,RAW,PLR,L->C,0
P07,RAW,PLR,L->L,0
P07,RAW,PLR,L->R,0
P07,RAW,PLR,R->C,0.47222222222222227
P07,RAW,PLR,R->L,0
P07,RAW,PLR,R->R,0.19444444444444442
P07,HUD,PTL,C->C,0.81395271395271407
P07,HUD,PTL,C->L,0.16207126207126207
P07,HUD,PTL,C->R,0.023976023976023973
P07,HUD,PTL,L->C,0.23015873015873017
P07,HUD,PTL,L->L,0.67063492063492069
P07,HUD,PTL,L->R,0.099206349206349201
P07,HUD,PTL,R->C,0.083333333333333329
P07,HUD,PTL,R->L,0.22619047619047619
P07,HUD,PTL,R->R,0.26190476190476192
P07,RAW,PTL,C->C,0.84344788267544968
P07,RAW,PTL,C->L,0.1146059475522935
P07,RAW,PTL,C->R,0.041946169772256722
P07,RAW,PTL,L->C,0.23682745825602969
P07,RAW,PTL,L->L,0.58817254174397038
P07,RAW,PTL,L->R,0.032142857142857147
P07,RAW,PTL,R->C,0.05612244897959183
P07,RAW,PTL,R->L,0.16326530612244897
P07,RAW,PTL,R->R,0.20918367346938777
P07,HUD,PTR,C->C,0.7583333333333333
P07,HUD,PTR,C->L,0.10694444444444444
P07,HUD,PTR,C->R,0.13472222222222222
P07,HUD,PTR,L->C,0.27777777777777773
P07,HUD,PTR,L->L,0.19444444444444442
P07,HUD,PTR,L->R,0.19444444444444442
P07,HUD,PTR,R->C,0.22222222222222221
P07,HUD,PTR,R->L,0
P07,HUD,PTR,R->R,0.61111111111111105
P07,RAW,PTR,C->C,0.82119942927301137
P07,RAW,PTR,C->L,0.10832497240264229
P07,RAW,PTR,C->R,0.07047559832434637
P07,RAW,PTR,L->C,0.33525641025641023
P07,RAW,PTR,L->L,0.4102564102564103
P07,RAW,PTR,L->R,0.087820512820512828
P07,RAW,PTR,R->C,0.044444444444444432
P07,RAW,PTR,R->L,0.24722222222222223
P07,RAW,PTR,R->R,0.375
P07,HUD,S,C->C,0.93238657465241548
P07,HUD,S,C->L,0.052283942611673462
P07,HUD,S,C->R,0.015329482735911093
P07,HUD,S,L->C,0.32197994987468675
P07,HUD,S,L->L,0.20718671679197995
P07,HUD,S,L->R,0.0041666666666666666
P07,HUD,S,R->C,0.150997150997151
P07,HUD,S,R->L,0
P07,HUD,S,R->R,0.08233618233618234
P07,RAW,S,C->C,0.92137811678135695
P07,RAW,S,C->L,0.05160748045789746
P07,RAW,S,C->R,0.027014402760745463
P07,RAW,S,L->C,0.3360092426952892
P07,RAW,S,L->L,0.1895920294176108
P07,RAW,S,L->R,0.01286026634863844
P07,RAW,S,R->C,0.32701465201465207
P07,RAW,S,R->L,0.032051282051282048
P07,RAW,S,R->R,0.14093406593406593
P07,HUD,TL,C->C,0.63775510204081631
P07,HUD,TL,C->L,0.36224489795918363
P07,HUD,TL,C->R,0
P07,HUD,TL,L->C,0.23743617493617492
P07,HUD,TL,L->L,0.76256382506382514
P07,HUD,TL,L->R,0
P07,HUD,TL,R->C,0
P07,HUD,TL,R->L,0.11904761904761904
P07,HUD,TL,R->R,0.16666666666666666
P07,RAW,TL,C->C,0.7795918367346939
P07,RAW,TL,C->L,0.2204081632653061
P07,RAW,TL,C->R,0
P07,RAW,TL,L->C,0.22732683982683982
P07,RAW,TL,L->L,0.7488636363636364
P07,RAW,TL,L->R,0.023809523809523801
P07,RAW,TL,R->C,0
P07,RAW,TL,R->L,0.26190476190476192
P07,RAW,TL,R->R,0.16666666666666666
P07,HUD,TR,C->C,0.79166666666666663
P07,HUD,TR,C->L,0.020833333333333332
P07,HUD,TR,C->R,0.1875
P07,HUD,TR,L->C,0.055555555555555552
P07,HUD,TR,L->L,0.055555555555555552
P07,HUD,TR,L->R,0.055555555555555552
P07,HUD,TR,R->C,0.40873015873015867
P07,HUD,TR,R->L,0.018518518518518517
P07,HUD,TR,R->R,0.57275132275132279
P07,RAW,TR,C->C,0.14285714285714285
P07,RAW,TR,C->L,0
P07,RAW,TR,C->R,0.69047619047619035
P07,RAW,TR,L->C,0
P07,RAW,TR,L->L,0
P07,RAW,TR,L->R,0.16666666666666666
P07,RAW,TR,R->C,0.15742296918767504
P07,RAW,TR,R->L,0.041666666666666664
P07,RAW,TR,R->R,0.80091036414565819
P08,HUD,LL,C->C,1
P08,HUD,LL,C->L,0
P08,HUD,LL,C->R,0
P08,HUD,LL,L->C,0
P08,HUD,LL,L->L,0
P08,HUD,LL,L->R,0
P08,HUD,LL,R->C,0
P08,HUD,LL,R->L,0
P08,HUD,LL,R->R,0
P08,RAW,LL,C->C,1
P08,RAW,LL,C->L,0
P08,RAW,LL,C->R,0
P08,RAW,LL,L->C,0
P08,RAW,LL,L->L,0
P08,RAW,LL,L->R,0
P08,RAW,LL,R->C,0
P08,RAW,LL,R->L,0
P08,RAW,LL,R->R,0
P08,HUD,LR,C->C,1
P08,HUD,LR,C->L,0
P08,HUD,LR,C->R,0
P08,HUD,LR,L->C,0.16666666666666666
P08,HUD,LR,L->L,0
P08,HUD,LR,L->R,0
P08,HUD,LR,R->C,0
P08,HUD,LR,R->L,0
P08,HUD,LR,R->R,0
P08,RAW,LR,C->C,0.94670329670329678
P08,RAW,LR,C->L,0.041391941391941384
P08,RAW,LR,C->R,0.011904761904761899
P08,RAW,LR,L->C,0.25
P08,RAW,LR,L->L,0.083333333333333329
P08,RAW,LR,L->R,0
P08,RAW,LR,R->C,0.16666666666666666
P08,RAW,LR,R->L,0
P08,RAW,LR,R->R,0
P08,HUD,PLL,C->C,1
P08,HUD,PLL,C->L,0
P08,HUD,PLL,C->R,0
P08,HUD,PLL,L->C,0
P08,HUD,PLL,L->L,0
P08,HUD,PLL,L->R,0
P08,HUD,PLL,R->C,0
P08,HUD,PLL,R->L,0
P08,HUD,PLL,R->R,0
P08,RAW,PLL,C->C,0.984375
P08,RAW,PLL,C->L,0.015625
P08,RAW,PLL,C->R,0
P08,RAW,PLL,L->C,0.25
P08,RAW,PLL,L->L,0
P08,RAW,PLL,L->R,0
P08,RAW,PLL,R->C,0
P08,RAW,PLL,R->L,0
P08,RAW,PLL,R->R,0
P08,HUD,PLR,C->C,1
P08,HUD,PLR,C->L,0
P08,HUD,PLR,C->R,0
P08,HUD,PLR,L->C,0
P08,HUD,PLR,L->L,0
P08,HUD,PLR,L->R,0
P08,HUD,PLR,R->C,0
P08,HUD,PLR,R->L,0
P08,HUD,PLR,R->R,0
P08,RAW,PLR,C->C,1
P08,RAW,PLR,C->L,0
P08,RAW,PLR,C->R,0
P08,RAW,PLR,L->C,0
P08,RAW,PLR,L->L,0
P08,RAW,PLR,L->R,0
P08,RAW,PLR,R->C,0
P08,RAW,PLR,R->L,0
P08,RAW,PLR,R->R,0
P08,HUD,PTL,C->C,0.81588173731030877
P08,HUD,PTL,C->L,0.17459445316588171
P08,HUD,PTL,C->R,0.0095238095238095143
P08,HUD,PTL,L->C,0.12755102040816324
P08,HUD,PTL,L->L,0.69727891156462596
P08,HUD,PTL,L->R,0.032312925170068015
P08,HUD,PTL,R->C,0.2857142857142857
P08,HUD,PTL,R->L,0.071428571428571425
P08,HUD,PTL,R->R,0.071428571428571425
P08,RAW,PTL,C->C,0.9011808537782563
P08,RAW,PTL,C->L,0.089672837984526271
P08,RAW,PTL,C->R,0.0091463082372173158
P08,RAW,PTL,L->C,0.25969387755102041
P08,RAW,PTL,L->L,0.56513605442176862
P08,RAW,PTL,L->R,0.032312925170068015
P08,RAW,PTL,R->C,0.37142857142857144
P08,RAW,PTL,R->L,0.14285714285714285
P08,RAW,PTL,R->R,0.19999999999999998
P08,HUD,PTR,C->C,0.89536852036852033
P08,HUD,PTR,C->L,0
P08,HUD,PTR,C->R,0.1046314796314796
P08,HUD,PTR,L->C,0.16666666666666666
P08,HUD,PTR,L->L,0
P08,HUD,PTR,L->R,0.16666666666666666
P08,HUD,PTR,R->C,0.16666666666666666
P08,HUD,PTR,R->L,0.032581453634085197
P08,HUD,PTR,R->R,0.46741854636591479
P08,RAW,PTR,C->C,0.8211774608833432
P08,RAW,PTR,C->L,0.095063025210084015
P08,RAW,PTR,C->R,0.0837595139065727
P08,RAW,PTR,L->C,0.52222222222222225
P08,RAW,PTR,L->L,0.12777777777777777
P08,RAW,PTR,L->R,0.016666666666666666
P08,RAW,PTR,R->C,0.15277777777777776
P08,RAW,PTR,R->L,0.19444444444444442
P08,RAW,PTR,R->R,0.65277777777777779
P08,HUD,S,C->C,0.94726527389945381
P08,HUD,S,C->L,0.011964344073126193
P08,HUD,S,C->R,0.007437048694086631
P08,HUD,S,L->C,0.33333333333333331
P08,HUD,S,L->L,0.016666666666666666
P08,HUD,S,L->R,0.016666666666666666
P08,HUD,S,R->C,0.16111111111111109
P08,HUD,S,R->L,0.033333333333333333
P08,HUD,S,R->R,0.038888888888888883
P08,RAW,S,C->C,0.91847335147072606
P08,RAW,S,C->L,0.029946901824796007
P08,RAW,S,C->R,0.015865460990192249
P08,RAW,S,L->C,0.19246031746031747
P08,RAW,S,L->L,0.093253968253968256
P08,RAW,S,L->R,0
P08,RAW,S,R->C,0.14523809523809522
P08,RAW,S,R->L,0
P08,RAW,S,R->R,0.069047619047619038
P08,HUD,TL,C->C,0.70000000000000007
P08,HUD,TL,C->L,0.29999999999999993
P08,HUD,TL,C->R,0
P08,HUD,TL,L->C,0.17615440115440112
P08,HUD,TL,L->L,0.82384559884559894
P08,HUD,TL,L->R,0
P08,HUD,TL,R->C,0
P08,HUD,TL,R->L,0.14285714285714285
P08,HUD,TL,R->R,0
P08,RAW,TL,C->C,0.88673469387755099
P08,RAW,TL,C->L,0.11326530612244898
P08,RAW,TL,C->R,0
P08,RAW,TL,L->C,0.11860956503813644
P08,RAW,TL,L->L,0.88139043496186353
P08,RAW,TL,L->R,0
P08,RAW,TL,R->C,0.14285714285714285
P08,RAW,TL,R->L,0.14285714285714285
P08,RAW,TL,R->R,0
P08,HUD,TR,C->C,0.81944444444444431
P08,HUD,TR,C->L,0.041666666666666664
P08,HUD,TR,C->R,0.13888888888888887
P08,HUD,TR,L->C,0
P08,HUD,TR,L->L,0
P08,HUD,TR,L->R,0
P08,HUD,TR,R->C,0.28928571428571431
P08,HUD,TR,R->L,0
P08,HUD,TR,R->R,0.71071428571428574
P08,RAW,TR,C->C,0.625
P08,RAW,TR,C->L,0
P08,RAW,TR,C->R,0.041666666666666664
P08,RAW,TR,L->C,0
P08,RAW,TR,L->L,0
P08,RAW,TR,L->R,0
P08,RAW,TR,R->C,0.10258838383838381
P08,RAW,TR,R->L,0
P08,RAW,TR,R->R,0.89741161616161624
P09,HUD,LL,C->C,0.92868589743589747
P09,HUD,LL,C->L,0.040064102564102547
P09,HUD,LL,C->R,0.03125
P09,HUD,LL,L->C,0.35416666666666663
P09,HUD,LL,L->L,0.39583333333333331
P09,HUD,LL,L->R,0
P09,HUD,LL,R->C,0.25
P09,HUD,LL,R->L,0
P09,HUD,LL,R->R,0
P09,RAW,LL,C->C,0.96875
P09,RAW,LL,C->L,0
P09,RAW,LL,C->R,0.03125
P09,RAW,LL,L->C,0
P09,RAW,LL,L->L,0
P09,RAW,LL,L->R,0
P09,RAW,LL,R->C,0.25
P09,RAW,LL,R->L,0
P09,RAW,LL,R->R,0
P09,HUD,LR,C->C,0.9265151515151514
P09,HUD,LR,C->L,0
P09,HUD,LR,C->R,0.073484848484848486
P09,HUD,LR,L->C,0
P09,HUD,LR,L->L,0
P09,HUD,LR,L->R,0
P09,HUD,LR,R->C,0.33333333333333331
P09,HUD,LR,R->L,0
P09,HUD,LR,R->R,0.16666666666666666
P09,RAW,LR,C->C,0.8125
P09,RAW,LR,C->L,0
P09,RAW,LR,C->R,0.020833333333333332
P09,RAW,LR,L->C,0
P09,RAW,LR,L->L,0
P09,RAW,LR,L->R,0
P09,RAW,LR,R->C,0.1111111111111111
P09,RAW,LR,R->L,0
P09,RAW,LR,R->R,0.055555555555555552
P09,HUD,PLL,C->C,0.53611111111111109
P09,HUD,PLL,C->L,0.46388888888888891
P09,HUD,PLL,C->R,0
P09,HUD,PLL,L->C,0.37619047619047613
P09,HUD,PLL,L->L,0.62380952380952381
P09,HUD,PLL,L->R,0
P09,HUD,PLL,R->C,0
P09,HUD,PLL,R->L,0
P09,HUD,PLL,R->R,0
P09,RAW,PLL,C->C,0.89610389610389607
P09,RAW,PLL,C->L,0.10389610389610388
P09,RAW,PLL,C->R,0
P09,RAW,PLL,L->C,0.27500000000000002
P09,RAW,PLL,L->L,0.22500000000000001
P09,RAW,PLL,L->R,0
P09,RAW,PLL,R->C,0
P09,RAW,PLL,R->L,0
P09,RAW,PLL,R->R,0
P09,HUD,PLR,C->C,0.59238095238095234
P09,HUD,PLR,C->L,0
P09,HUD,PLR,C->R,0.4076190476190476
P09,HUD,PLR,L->C,0
P09,HUD,PLR,L->L,0
P09,HUD,PLR,L->R,0
P09,HUD,PLR,R->C,0.48833333333333329
P09,HUD,PLR,R->L,0
P09,HUD,PLR,R->R,0.51166666666666671
P09,RAW,PLR,C->C,0.92939814814814825
P09,RAW,PLR,C->L,0
P09,RAW,PLR,C->R,0.070601851851851846
P09,RAW,PLR,L->C,0
P09,RAW,PLR,L->L,0
P09,RAW,PLR,L->R,0
P09,RAW,PLR,R->C,0.41666666666666669
P09,RAW,PLR,R->L,0
P09,RAW,PLR,R->R,0.083333333333333329
P09,HUD,PTL,C->C,0.75045351473922906
P09,HUD,PTL,C->L,0.12301587301587301
P09,HUD,PTL,C->R,0.12653061224489795
P09,HUD,PTL,L->C,0.5714285714285714
P09,HUD,PTL,L->L,0.2857142857142857
P09,HUD,PTL,L->R,0
P09,HUD,PTL,R->C,0.057142857142857148
P09,HUD,PTL,R->L,0.085714285714285729
P09,HUD,PTL,R->R,0.14285714285714285
P09,RAW,PTL,C->C,0.79939021091286
P09,RAW,PTL,C->L,0.14846223898040628
P09,RAW,PTL,C->R,0.052147550106733762
P09,RAW,PTL,L->C,0.31177944862155388
P09,RAW,PTL,L->L,0.49022556390977445
P09,RAW,PTL,L->R,0.055137844611528819
P09,RAW,PTL,R->C,0.40476190476190471
P09,RAW,PTL,R->L,0.023809523809523801
P09,RAW,PTL,R->R,0.14285714285714285
P09,HUD,PTR,C->C,0.80509259259259258
P09,HUD,PTR,C->L,0.074999999999999997
P09,HUD,PTR,C->R,0.11990740740740741
P09,HUD,PTR,L->C,0.1111111111111111
P09,HUD,PTR,L->L,0.19444444444444442
P09,HUD,PTR,L->R,0.027777777777777766
P09,HUD,PTR,R->C,0.092592592592592601
P09,HUD,PTR,R->L,0.055555555555555552
P09,HUD,PTR,R->R,0.51851851851851849
P09,RAW,PTR,C->C,0.78816872427983542
P09,RAW,PTR,C->L,0.11075102880658434
P09,RAW,PTR,C->R,0.10108024691358024
P09,RAW,PTR,L->C,0.17936507936507937
P09,RAW,PTR,L->L,0.39523809523809522
P09,RAW,PTR,L->R,0.2587301587301587
P09,RAW,PTR,R->C,0.3051282051282051
P09,RAW,PTR,R->L,0.058974358974358966
P09,RAW,PTR,R->R,0.46923076923076917
P09,HUD,S,C->C,0.95502735578070974
P09,HUD,S,C->L,0.025615612362258382
P09,HUD,S,C->R,0.019357031857031849
P09,HUD,S,L->C,0.21666666666666667
P09,HUD,S,L->L,0.050000000000000003
P09,HUD,S,L->R,0
P09,HUD,S,R->C,0.16277777777777777
P09,HUD,S,R->L,0
P09,HUD,S,R->R,0.070555555555555552
P09,RAW,S,C->C,0.95208492423995472
P09,RAW,S,C->L,0.030242029179477263
P09,RAW,S,C->R,0.017673046580568039
P09,RAW,S,L->C,0.25931013431013433
P09,RAW,S,L->L,0.08684371184371184
P09,RAW,S,L->R,0
P09,RAW,S,R->C,0.23589743589743589
P09,RAW,S,R->L,0
P09,RAW,S,R->R,0.033333333333333333
P09,HUD,TL,C->C,0.70901360544217684
P09,HUD,TL,C->L,0.27057823129251701
P09,HUD,TL,C->R,0.020408163265306114
P09,HUD,TL,L->C,0.21067821067821066
P09,HUD,TL,L->L,0.78932178932178931
P09,HUD,TL,L->R,0
P09,HUD,TL,R->C,0.2857142857142857
P09,HUD,TL,R->L,0
P09,HUD,TL,R->R,0
P09,RAW,TL,C->C,0.63469387755102047
P09,RAW,TL,C->L,0.2687074829931973
P09,RAW,TL,C->R,0.096598639455782301
P09,RAW,TL,L->C,0.18231768231768228
P09,RAW,TL,L->L,0.81768231768231769
P09,RAW,TL,L->R,0
P09,RAW,TL,R->C,0.2857142857142857
P09,RAW,TL,R->L,0.21428571428571427
P09,RAW,TL,R->R,0.071428571428571425
P09,HUD,TR,C->C,0.76785714285714279
P09,HUD,TR,C->L,0
P09,HUD,TR,C->R,0.23214285714285712
P09,HUD,TR,L->C,0
P09,HUD,TR,L->L,0
P09,HUD,TR,L->R,0
P09,HUD,TR,R->C,0.16944444444444443
P09,HUD,TR,R->L,0
P09,HUD,TR,R->R,0.66388888888888886
P09,RAW,TR,C->C,0.72619047619047616
P09,RAW,TR,C->L,0.16666666666666666
P09,RAW,TR,C->R,0.10714285714285714
P09,RAW,TR,L->C,0
P09,RAW,TR,L->L,0
P09,RAW,TR,L->R,0.33333333333333331
P09,RAW,TR,R->C,0.12413003663003658
P09,RAW,TR,R->L,0.027777777777777766
P09,RAW,TR,R->R,0.84809218559218558
P10,HUD,LL,C->C,0.95833333333333337
P10,HUD,LL,C->L,0
P10,HUD,LL,C->R,0.04166666666666665
P10,HUD,LL,L->C,0.25
P10,HUD,LL,L->L,0
P10,HUD,LL,L->R,0
P10,HUD,LL,R->C,0.083333333333333329
P10,HUD,LL,R->L,0
P10,HUD,LL,R->R,0.16666666666666666
P10,RAW,LL,C->C,0.88656299840510377
P10,RAW,LL,C->L,0.027046783625730972
P10,RAW,LL,C->R,0.086390217969165323
P10,RAW,LL,L->C,0.5
P10,RAW,LL,L->L,0
P10,RAW,LL,L->R,0
P10,RAW,LL,R->C,0.91666666666666663
P10,RAW,LL,R->L,0
P10,RAW,LL,R->R,0.083333333333333329
P10,HUD,LR,C->C,0.92006589425067686
P10,HUD,LR,C->L,0.025641025641025633
P10,HUD,LR,C->R,0.054293080108297476
P10,HUD,LR,L->C,0.16666666666666666
P10,HUD,LR,L->L,0
P10,HUD,LR,L->R,0
P10,HUD,LR,R->C,0.38888888888888884
P10,HUD,LR,R->L,0
P10,HUD,LR,R->R,0.27777777777777773
P10,RAW,LR,C->C,0.92227095516569202
P10,RAW,LR,C->L,0.0092592592592592501
P10,RAW,LR,C->R,0.068469785575048722
P10,RAW,LR,L->C,0.33333333333333331
P10,RAW,LR,L->L,0
P10,RAW,LR,L->R,0
P10,RAW,LR,R->C,0.10416666666666667
P10,RAW,LR,R->L,0
P10,RAW,LR,R->R,0.22916666666666666
P10,HUD,PLL,C->C,0.87142857142857144
P10,HUD,PLL,C->L,0.12857142857142856
P10,HUD,PLL,C->R,0
P10,HUD,PLL,L->C,0.44047619047619047
P10,HUD,PLL,L->L,0.30952380952380953
P10,HUD,PLL,L->R,0
P10,HUD,PLL,R->C,0
P10,HUD,PLL,R->L,0
P10,HUD,PLL,R->R,0
P10,RAW,PLL,C->C,0.8408882783882784
P10,RAW,PLL,C->L,0.15911172161172157
P10,RAW,PLL,C->R,0
P10,RAW,PLL,L->C,0.41666666666666663
P10,RAW,PLL,L->L,0.33333333333333331
P10,RAW,PLL,L->R,0
P10,RAW,PLL,R->C,0
P10,RAW,PLL,R->L,0
P10,RAW,PLL,R->R,0
P10,HUD,PLR,C->C,0.89297739297739298
P10,HUD,PLR,C->L,0
P10,HUD,PLR,C->R,0.10702260702260701
P10,HUD,PLR,L->C,0
P10,HUD,PLR,L->L,0
P10,HUD,PLR,L->R,0
P10,HUD,PLR,R->C,0.23333333333333331
P10,HUD,PLR,R->L,0
P10,HUD,PLR,R->R,0.43333333333333335
P10,RAW,PLR,C->C,0.86793650793650789
P10,RAW,PLR,C->L,0
P10,RAW,PLR,C->R,0.13206349206349205
P10,RAW,PLR,L->C,0
P10,RAW,PLR,L->L,0
P10,RAW,PLR,L->R,0
P10,RAW,PLR,R->C,0.28222222222222221
P10,RAW,PLR,R->L,0
P10,RAW,PLR,R->R,0.51777777777777767
P10,HUD,PTL,C->C,0.77880642706729664
P10,HUD,PTL,C->L,0.10111995894604589
P10,HUD,PTL,C->R,0.12007361398665746
P10,HUD,PTL,L->C,0.28818681318681316
P10,HUD,PTL,L->L,0.64068223443223438
P10,HUD,PTL,L->R,0.071130952380952378
P10,HUD,PTL,R->C,0.42332675005486065
P10,HUD,PTL,R->L,0.092970521541950096
P10,HUD,PTL,R->R,0.48370272840318923
P10,RAW,PTL,C->C,0.70202535559678414
P10,RAW,PTL,C->L,0.16774891774891776
P10,RAW,PTL,C->R,0.13022572665429807
P10,RAW,PTL,L->C,0.31156462585034017
P10,RAW,PTL,L->L,0.45034013605442175
P10,RAW,PTL,L->R,0.095238095238095233
P10,RAW,PTL,R->C,0.21904761904761902
P10,RAW,PTL,R->L,0.33095238095238094
P10,RAW,PTL,R->R,0.30714285714285711
P10,HUD,PTR,C->C,0.69214299449461825
P10,HUD,PTR,C->L,0.11221894732533026
P10,HUD,PTR,C->R,0.19563805818005142
P10,HUD,PTR,L->C,0.20092592592592592
P10,HUD,PTR,L->L,0.52870370370370368
P10,HUD,PTR,L->R,0.1037037037037037
P10,HUD,PTR,R->C,0.44761904761904764
P10,HUD,PTR,R->L,0.11825396825396824
P10,HUD,PTR,R->R,0.43412698412698414
P10,RAW,PTR,C->C,0.7317460317460317
P10,RAW,PTR,C->L,0.090277777777777776
P10,RAW,PTR,C->R,0.17797619047619043
P10,RAW,PTR,L->C,0.35185185185185186
P10,RAW,PTR,L->L,0.19444444444444442
P10,RAW,PTR,L->R,0.12037037037037036
P10,RAW,PTR,R->C,0.35714285714285715
P10,RAW,PTR,R->L,0.023809523809523798
P10,RAW,PTR,R->R,0.2857142857142857
P10,HUD,S,C->C,0.88504083761877805
P10,HUD,S,C->L,0.036314314143898602
P10,HUD,S,C->R,0.041607811200286254
P10,HUD,S,L->C,0.31985423799149287
P10,HUD,S,L->L,0.19757495590828925
P10,HUD,S,L->R,0.0010893246187363816
P10,HUD,S,R->C,0.28783068783068783
P10,HUD,S,R->L,0.037037037037037035
P10,HUD,S,R->R,0.19365079365079366
P10,RAW,S,C->C,0.92794969348888889
P10,RAW,S,C->L,0.041474176083786403
P10,RAW,S,C->R,0.030576130427324745
P10,RAW,S,L->C,0.28222222222222221
P10,RAW,S,L->L,0.19361111111111112
P10,RAW,S,L->R,0.02416666666666667
P10,RAW,S,R->C,0.26203703703703701
P10,RAW,S,R->L,0.037499999999999999
P10,RAW,S,R->R,0.26712962962962966
P10,HUD,TL,C->C,0.75170068027210879
P10,HUD,TL,C->L,0.24829931972789113
P10,HUD,TL,C->R,0
P10,HUD,TL,L->C,0.20880230880230877
P10,HUD,TL,L->L,0.76233766233766243
P10,HUD,TL,L->R,0.028860028860028857
P10,HUD,TL,R->C,0.14285714285714285
P10,HUD,TL,R->L,0.2857142857142857
P10,HUD,TL,R->R,0.14285714285714285
P10,RAW,TL,C->C,0.87006802721088428
P10,RAW,TL,C->L,0.12993197278911564
P10,RAW,TL,C->R,0
P10,RAW,TL,L->C,0.1400845186559472
P10,RAW,TL,L->L,0.82522160379303244
P10,RAW,TL,L->R,0.034693877551020401
P10,RAW,TL,R->C,0.071428571428571425
P10,RAW,TL,R->L,0.26190476190476192
P10,RAW,TL,R->R,0.095238095238095233
P10,HUD,TR,C->C,0.44444444444444448
P10,HUD,TR,C->L,0.041666666666666664
P10,HUD,TR,C->R,0.34722222222222215
P10,HUD,TR,L->C,0.16666666666666666
P10,HUD,TR,L->L,0.19444444444444442
P10,HUD,TR,L->R,0.30555555555555552
P10,HUD,TR,R->C,0.17690781440781436
P10,HUD,TR,R->L,0.040476190476190464
P10,HUD,TR,R->R,0.78261599511599511
P10,RAW,TR,C->C,0.84053030303030296
P10,RAW,TR,C->L,0.041666666666666664
P10,RAW,TR,C->R,0.1178030303030303
P10,RAW,TR,L->C,0
P10,RAW,TR,L->L,0
P10,RAW,TR,L->R,0
P10,RAW,TR,R->C,0.34848484848484845
P10,RAW,TR,R->L,0
P10,RAW,TR,R->R,0.65151515151515149
P11,HUD,LL,C->C,0.90804195804195809
P11,HUD,LL,C->L,0.069230769230769235
P11,HUD,LL,C->R,0.022727272727272724
P11,HUD,LL,L->C,0.33333333333333331
P11,HUD,LL,L->L,0.16666666666666666
P11,HUD,LL,L->R,0
P11,HUD,LL,R->C,0.25
P11,HUD,LL,R->L,0
P11,HUD,LL,R->R,0
P11,RAW,LL,C->C,0.96111111111111114
P11,RAW,LL,C->L,0.013888888888888874
P11,RAW,LL,C->R,0.025000000000000001
P11,RAW,LL,L->C,0.1875
P11,RAW,LL,L->L,0.3125
P11,RAW,LL,L->R,0
P11,RAW,LL,R->C,0.083333333333333329
P11,RAW,LL,R->L,0
P11,RAW,LL,R->R,0.16666666666666666
P11,HUD,LR,C->C,1
P11,HUD,LR,C->L,0
P11,HUD,LR,C->R,0
P11,HUD,LR,L->C,0
P11,HUD,LR,L->L,0
P11,HUD,LR,L->R,0
P11,HUD,LR,R->C,0.16666666666666666
P11,HUD,LR,R->L,0
P11,HUD,LR,R->R,0
P11,RAW,LR,C->C,0.91507936507936505
P11,RAW,LR,C->L,0.023809523809523798
P11,RAW,LR,C->R,0.061111111111111095
P11,RAW,LR,L->C,0.1111111111111111
P11,RAW,LR,L->L,0.055555555555555552
P11,RAW,LR,L->R,0
P11,RAW,LR,R->C,0.69047619047619035
P11,RAW,LR,R->L,0
P11,RAW,LR,R->R,0.14285714285714285
P11,HUD,PLL,C->C,0.72400793650793649
P11,HUD,PLL,C->L,0.27599206349206346
P11,HUD,PLL,C->R,0
P11,HUD,PLL,L->C,0.375
P11,HUD,PLL,L->L,0.625
P11,HUD,PLL,L->R,0
P11,HUD,PLL,R->C,0
P11,HUD,PLL,R->L,0
P11,HUD,PLL,R->R,0
P11,RAW,PLL,C->C,0.8088699494949495
P11,RAW,PLL,C->L,0.1911300505050505
P11,RAW,PLL,C->R,0
P11,RAW,PLL,L->C,0.072916666666666657
P11,RAW,PLL,L->L,0.67708333333333337
P11,RAW,PLL,L->R,0
P11,RAW,PLL,R->C,0
P11,RAW,PLL,R->L,0
P11,RAW,PLL,R->R,0
P11,HUD,PLR,C->C,0.79920634920634914
P11,HUD,PLR,C->L,0
P11,HUD,PLR,C->R,0.20079365079365077
P11,HUD,PLR,L->C,0
P11,HUD,PLR,L->L,0
P11,HUD,PLR,L->R,0
P11,HUD,PLR,R->C,0.44047619047619047
P11,HUD,PLR,R->L,0
P11,HUD,PLR,R->R,0.39285714285714279
P11,RAW,PLR,C->C,0.77681818181818185
P11,RAW,PLR,C->L,0
P11,RAW,PLR,C->R,0.22318181818181815
P11,RAW,PLR,L->C,0
P11,RAW,PLR,L->L,0
P11,RAW,PLR,L->R,0
P11,RAW,PLR,R->C,0.30666666666666664
P11,RAW,PLR,R->L,0
P11,RAW,PLR,R->R,0.69333333333333336
P11,HUD,PTL,C->C,0.8352264366163159
P11,HUD,PTL,C->L,0.12429352956224585
P11,HUD,PTL,C->R,0.040480033821438173
P11,HUD,PTL,L->C,0.37332096474953619
P11,HUD,PTL,L->L,0.62667903525046387
P11,HUD,PTL,L->R,0
P11,HUD,PTL,R->C,0.17857142857142858
P11,HUD,PTL,R->L,0.17142857142857143
P11,HUD,PTL,R->R,0.22142857142857145
P11,RAW,PTL,C->C,0.79733183483183478
P11,RAW,PTL,C->L,0.13090659340659339
P11,RAW,PTL,C->R,0.071761571761571732
P11,RAW,PTL,L->C,0.16326530612244897
P11,RAW,PTL,L->L,0.69387755102040816
P11,RAW,PTL,L->R,0
P11,RAW,PTL,R->C,0.071428571428571425
P11,RAW,PTL,R->L,0.083333333333333329
P11,RAW,PTL,R->R,0.41666666666666663
P11,HUD,PTR,C->C,0.85379625534424297
P11,HUD,PTR,C->L,0.05779153766769865
P11,HUD,PTR,C->R,0.088412206988058337
P11,HUD,PTR,L->C,0.037037037037037035
P11,HUD,PTR,L->L,0.52777777777777779
P11,HUD,PTR,L->R,0.10185185185185186
P11,HUD,PTR,R->C,0.20833333333333334
P11,HUD,PTR,R->L,0.20833333333333334
P11,HUD,PTR,R->R,0.58333333333333337
P11,RAW,PTR,C->C,0.81269841269841259
P11,RAW,PTR,C->L,0.083333333333333315
P11,RAW,PTR,C->R,0.10396825396825395
P11,RAW,PTR,L->C,0.16428571428571428
P11,RAW,PTR,L->L,0.3619047619047619
P11,RAW,PTR,L->R,0.14047619047619045
P11,RAW,PTR,R->C,0.066666666666666666
P11,RAW,PTR,R->L,0.077083333333333337
P11,RAW,PTR,R->R,0.68958333333333333
P11,HUD,S,C->C,0.95650006251888986
P11,HUD,S,C->L,0.022574525022681698
P11,HUD,S,C->R,0.020925412458428459
P11,HUD,S,L->C,0.20869481395797182
P11,HUD,S,L->L,0.098997493734335848
P11,HUD,S,L->R,0
P11,HUD,S,R->C,0.25091575091575091
P11,HUD,S,R->L,0.0054945054945054923
P11,HUD,S,R->R,0.05128205128205128
P11,RAW,S,C->C,0.95813066068569119
P11,RAW,S,C->L,0.022636999974210877
P11,RAW,S,C->R,0.019232339340097947
P11,RAW,S,L->C,0.33666666666666667
P11,RAW,S,L->L,0.13
P11,RAW,S,L->R,0
P11,RAW,S,R->C,0.31111111111111112
P11,RAW,S,R->L,0
P11,RAW,S,R->R,0.088888888888888878
P11,HUD,TL,C->C,0.64625850340136048
P11,HUD,TL,C->L,0.35374149659863946
P11,HUD,TL,C->R,0
P11,HUD,TL,L->C,0.14861111111111111
P11,HUD,TL,L->L,0.85138888888888886
P11,HUD,TL,L->R,0
P11,HUD,TL,R->C,0
P11,HUD,TL,R->L,0
P11,HUD,TL,R->R,0
P11,RAW,TL,C->C,0.79642857142857149
P11,RAW,TL,C->L,0.060714285714285721
P11,RAW,TL,C->R,0
P11,RAW,TL,L->C,0.10719082504796788
P11,RAW,TL,L->L,0.89280917495203216
P11,RAW,TL,L->R,0
P11,RAW,TL,R->C,0
P11,RAW,TL,R->L,0.14285714285714285
P11,RAW,TL,R->R,0
P11,HUD,TR,C->C,0.5
P11,HUD,TR,C->L,0
P11,HUD,TR,C->R,0.16666666666666666
P11,HUD,TR,L->C,0
P11,HUD,TR,L->L,0
P11,HUD,TR,L->R,0.16666666666666666
P11,HUD,TR,R->C,0.082617845117845076
P11,HUD,TR,R->L,0.01515151515151515
P11,HUD,TR,R->R,0.90223063973063977
P11,RAW,TR,C->C,0.97222222222222232
P11,RAW,TR,C->L,0.027777777777777766
P11,RAW,TR,C->R,0
P11,RAW,TR,L->C,0.16666666666666666
P11,RAW,TR,L->L,0.083333333333333329
P11,RAW,TR,L->R,0.25
P11,RAW,TR,R->C,0.14106125356125357
P11,RAW,TR,R->L,0.018518518518518517
P11,RAW,TR,R->R,0.67375356125356134
P12,HUD,LL,C->C,1
P12,HUD,LL,C->L,0
P12,HUD,LL,C->R,0
P12,HUD,LL,L->C,0
P12,HUD,LL,L->L,0
P12,HUD,LL,L->R,0
P12,HUD,LL,R->C,0
P12,HUD,LL,R->L,0
P12,HUD,LL,R->R,0
P12,RAW,LL,C->C,1
P12,RAW,LL,C->L,0
P12,RAW,LL,C->R,0
P12,RAW,LL,L->C,0
P12,RAW,LL,L->L,0
P12,RAW,LL,L->R,0
P12,RAW,LL,R->C,0
P12,RAW,LL,R->L,0
P12,RAW,LL,R->R,0
P12,HUD,LR,C->C,0.98888888888888893
P12,HUD,LR,C->L,0
P12,HUD,LR,C->R,0.011111111111111099
P12,HUD,LR,L->C,0
P12,HUD,LR,L->L,0
P12,HUD,LR,L->R,0
P12,HUD,LR,R->C,0.083333333333333329
P12,HUD,LR,R->L,0
P12,HUD,LR,R->R,0.083333333333333329
P12,RAW,LR,C->C,0.99230769230769234
P12,RAW,LR,C->L,0
P12,RAW,LR,C->R,0.0076923076923076806
P12,RAW,LR,L->C,0
P12,RAW,LR,L->L,0
P12,RAW,LR,L->R,0
P12,RAW,LR,R->C,0.20000000000000001
P12,RAW,LR,R->L,0
P12,RAW,LR,R->R,0
P12,HUD,PLL,C->C,0.97499999999999998
P12,HUD,PLL,C->L,0.025000000000000001
P12,HUD,PLL,C->R,0
P12,HUD,PLL,L->C,0.25
P12,HUD,PLL,L->L,0
P12,HUD,PLL,L->R,0
P12,HUD,PLL,R->C,0
P12,HUD,PLL,R->L,0
P12,HUD,PLL,R->R,0
P12,RAW,PLL,C->C,1
P12,RAW,PLL,C->L,0
P12,RAW,PLL,C->R,0
P12,RAW,PLL,L->C,0
P12,RAW,PLL,L->L,0
P12,RAW,PLL,L->R,0
P12,RAW,PLL,R->C,0
P12,RAW,PLL,R->L,0
P12,RAW,PLL,R->R,0
P12,HUD,PLR,C->C,0.93174603174603166
P12,HUD,PLR,C->L,0
P12,HUD,PLR,C->R,0.068253968253968234
P12,HUD,PLR,L->C,0
P12,HUD,PLR,L->L,0
P12,HUD,PLR,L->R,0
P12,HUD,PLR,R->C,0.25
P12,HUD,PLR,R->L,0
P12,HUD,PLR,R->R,0.083333333333333329
P12,RAW,PLR,C->C,0.98461538461538467
P12,RAW,PLR,C->L,0
P12,RAW,PLR,C->R,0.01538461538461538
P12,RAW,PLR,L->C,0
P12,RAW,PLR,L->L,0
P12,RAW,PLR,L->R,0
P12,RAW,PLR,R->C,0
P12,RAW,PLR,R->L,0
P12,RAW,PLR,R->R,0.20000000000000001
P12,HUD,PTL,C->C,0.95676944690919841
P12,HUD,PTL,C->L,0.043230553090801531
P12,HUD,PTL,C->R,0
P12,HUD,PTL,L->C,0.20238095238095236
P12,HUD,PTL,L->L,0.51190476190476197
P12,HUD,PTL,L->R,0
P12,HUD,PTL,R->C,0
P12,HUD,PTL,R->L,0
P12,HUD,PTL,R->R,0
P12,RAW,PTL,C->C,0.96997038049669626
P12,RAW,PTL,C->L,0.022510822510822499
P12,RAW,PTL,C->R,0.0075187969924812
P12,RAW,PTL,L->C,0.071428571428571425
P12,RAW,PTL,L->L,0.21428571428571427
P12,RAW,PTL,L->R,0
P12,RAW,PTL,R->C,0
P12,RAW,PTL,R->L,0
P12,RAW,PTL,R->R,0
P12,HUD,PTR,C->C,0.8994393734505296
P12,HUD,PTR,C->L,0.0028735632183907998
P12,HUD,PTR,C->R,0.097687063331079557
P12,HUD,PTR,L->C,0.083333333333333329
P12,HUD,PTR,L->L,0.083333333333333329
P12,HUD,PTR,L->R,0
P12,HUD,PTR,R->C,0.13888888888888887
P12,HUD,PTR,R->L,0
P12,HUD,PTR,R->R,0.69444444444444431
P12,RAW,PTR,C->C,0.92922077922077928
P12,RAW,PTR,C->L,0
P12,RAW,PTR,C->R,0.070779220779220761
P12,RAW,PTR,L->C,0
P12,RAW,PTR,L->L,0
P12,RAW,PTR,L->R,0
P12,RAW,PTR,R->C,0.0079365079365079343
P12,RAW,PTR,R->L,0
P12,RAW,PTR,R->R,0.49206349206349209
P12,HUD,S,C->C,0.99452594024218222
P12,HUD,S,C->L,0
P12,HUD,S,C->R,0.0054740597578177928
P12,HUD,S,L->C,0
P12,HUD,S,L->L,0
P12,HUD,S,L->R,0
P12,HUD,S,R->C,0.11538461538461539
P12,HUD,S,R->L,0
P12,HUD,S,R->R,0
P12,RAW,S,C->C,0.95050260473741344
P12,RAW,S,C->L,0.0011904761904761899
P12,RAW,S,C->R,0.01497358573877703
P12,RAW,S,L->C,0.033333333333333333
P12,RAW,S,L->L,0
P12,RAW,S,L->R,0
P12,RAW,S,R->C,0.13333333333333333
P12,RAW,S,R->L,0
P12,RAW,S,R->R,0
P12,HUD,TL,C->C,0.911904761904762
P12,HUD,TL,C->L,0.088095238095238088
P12,HUD,TL,C->R,0
P12,HUD,TL,L->C,0.18458565244279529
P12,HUD,TL,L->L,0.81541434755720477
P12,HUD,TL,L->R,0
P12,HUD,TL,R->C,0
P12,HUD,TL,R->L,0
P12,HUD,TL,R->R,0
P12,RAW,TL,C->C,0.78075396825396826
P12,RAW,TL,C->L,0.21924603174603172
P12,RAW,TL,C->R,0
P12,RAW,TL,L->C,0.21972789115646257
P12,RAW,TL,L->L,0.78027210884353748
P12,RAW,TL,L->R,0
P12,RAW,TL,R->C,0
P12,RAW,TL,R->L,0
P12,RAW,TL,R->R,0
P12,HUD,TR,C->C,0.69444444444444431
P12,HUD,TR,C->L,0
P12,HUD,TR,C->R,0.30555555555555552
P12,HUD,TR,L->C,0
P12,HUD,TR,L->L,0
P12,HUD,TR,L->R,0
P12,HUD,TR,R->C,0.089433551198257064
P12,HUD,TR,R->L,0
P12,HUD,TR,R->R,0.91056644880174298
P12,RAW,TR,C->C,0.82043650793650791
P12,RAW,TR,C->L,0
P12,RAW,TR,C->R,0.17956349206349206
P12,RAW,TR,L->C,0
P12,RAW,TR,L->L,0
P12,RAW,TR,L->R,0
P12,RAW,TR,R->C,0.36191077441077441
P12,RAW,TR,R->L,0
P12,RAW,TR,R->R,0.63808922558922554
P13,HUD,LL,C->C,0.90681818181818186
P13,HUD,LL,C->L,0.045454545454545449
P13,HUD,LL,C->R,0.047727272727272729
P13,HUD,LL,L->C,0.1875
P13,HUD,LL,L->L,0.0625
P13,HUD,LL,L->R,0
P13,HUD,LL,R->C,0.5
P13,HUD,LL,R->L,0
P13,HUD,LL,R->R,0
P13,RAW,LL,C->C,1
P13,RAW,LL,C->L,0
P13,RAW,LL,C->R,0
P13,RAW,LL,L->C,0
P13,RAW,LL,L->L,0
P13,RAW,LL,L->R,0
P13,RAW,LL,R->C,0
P13,RAW,LL,R->L,0
P13,RAW,LL,R->R,0
P13,HUD,LR,C->C,0.96519607843137256
P13,HUD,LR,C->L,0.0083333333333333332
P13,HUD,LR,C->R,0.026470588235294117
P13,HUD,LR,L->C,0.16666666666666666
P13,HUD,LR,L->L,0
P13,HUD,LR,L->R,0
P13,HUD,LR,R->C,0.29166666666666669
P13,HUD,LR,R->L,0
P13,HUD,LR,R->R,0.041666666666666664
P13,RAW,LR,C->C,1
P13,RAW,LR,C->L,0
P13,RAW,LR,C->R,0
P13,RAW,LR,L->C,0
P13,RAW,LR,L->L,0
P13,RAW,LR,L->R,0
P13,RAW,LR,R->C,0
P13,RAW,LR,R->L,0
P13,RAW,LR,R->R,0
P13,HUD,PLL,C->C,0.9391025641025641
P13,HUD,PLL,C->L,0.060897435897435875
P13,HUD,PLL,C->R,0
P13,HUD,PLL,L->C,0.375
P13,HUD,PLL,L->L,0.375
P13,HUD,PLL,L->R,0
P13,HUD,PLL,R->C,0
P13,HUD,PLL,R->L,0
P13,HUD,PLL,R->R,0
P13,RAW,PLL,C->C,0.94999999999999996
P13,RAW,PLL,C->L,0.050000000000000003
P13,RAW,PLL,C->R,0
P13,RAW,PLL,L->C,0.375
P13,RAW,PLL,L->L,0.375
P13,RAW,PLL,L->R,0
P13,RAW,PLL,R->C,0.25
P13,RAW,PLL,R->L,0
P13,RAW,PLL,R->R,0
P13,HUD,PLR,C->C,0.76484126984126988
P13,HUD,PLR,C->L,0.02222222222222222
P13,HUD,PLR,C->R,0.21293650793650792
P13,HUD,PLR,L->C,0.20000000000000001
P13,HUD,PLR,L->L,0
P13,HUD,PLR,L->R,0
P13,HUD,PLR,R->C,0.27777777777777779
P13,HUD,PLR,R->L,0
P13,HUD,PLR,R->R,0.52222222222222225
P13,RAW,PLR,C->C,0.93055555555555547
P13,RAW,PLR,C->L,0
P13,RAW,PLR,C->R,0.069444444444444434
P13,RAW,PLR,L->C,0
P13,RAW,PLR,L->L,0
P13,RAW,PLR,L->R,0
P13,RAW,PLR,R->C,0.41666666666666669
P13,RAW,PLR,R->L,0
P13,RAW,PLR,R->R,0.083333333333333329
P13,HUD,PTL,C->C,0.84559884559884568
P13,HUD,PTL,C->L,0.12842712842712839
P13,HUD,PTL,C->R,0.025974025974025972
P13,HUD,PTL,L->C,0.26190476190476192
P13,HUD,PTL,L->L,0.73809523809523814
P13,HUD,PTL,L->R,0
P13,HUD,PTL,R->C,0.071428571428571425
P13,HUD,PTL,R->L,0.047619047619047616
P13,HUD,PTL,R->R,0.16666666666666666
P13,RAW,PTL,C->C,0.84197869124339708
P13,RAW,PTL,C->L,0.14515366169777932
P13,RAW,PTL,C->R,0.012867647058823527
P13,RAW,PTL,L->C,0.54290947148090007
P13,RAW,PTL,L->L,0.45709052851909993
P13,RAW,PTL,L->R,0
P13,RAW,PTL,R->C,0.096938775510204064
P13,RAW,PTL,R->L,0
P13,RAW,PTL,R->R,0.18877551020408162
P13,HUD,PTR,C->C,0.82933501683501687
P13,HUD,PTR,C->L,0.037373737373737365
P13,HUD,PTR,C->R,0.13329124579124577
P13,HUD,PTR,L->C,0.1111111111111111
P13,HUD,PTR,L->L,0.055555555555555552
P13,HUD,PTR,L->R,0.16666666666666666
P13,HUD,PTR,R->C,0.11683006535947711
P13,HUD,PTR,R->L,0.0098039215686274491
P13,HUD,PTR,R->R,0.7066993464052288
P13,RAW,PTR,C->C,0.8219667409884801
P13,RAW,PTR,C->L,0.061510590858416918
P13,RAW,PTR,C->R,0.1165226681531029
P13,RAW,PTR,L->C,0.47916666666666669
P13,RAW,PTR,L->L,0.34375
P13,RAW,PTR,L->R,0.010416666666666666
P13,RAW,PTR,R->C,0.15733225108225105
P13,RAW,PTR,R->L,0.010416666666666666
P13,RAW,PTR,R->R,0.66558441558441561
P13,HUD,S,C->C,0.93414732981373927
P13,HUD,S,C->L,0.037886344879064851
P13,HUD,S,C->R,0.027966325307195904
P13,HUD,S,L->C,0.39301075268817204
P13,HUD,S,L->L,0.14892473118279567
P13,HUD,S,L->R,0.0064516129032258064
P13,HUD,S,R->C,0.35322580645161289
P13,HUD,S,R->L,0
P13,HUD,S,R->R,0.098387096774193536
P13,RAW,S,C->C,0.9293146417667012
P13,RAW,S,C->L,0.044830080858321596
P13,RAW,S,C->R,0.02585527737497717
P13,RAW,S,L->C,0.4075817860300619
P13,RAW,S,L->L,0.12955349248452697
P13,RAW,S,L->R,0.0013262599469495999
P13,RAW,S,R->C,0.24587912087912087
P13,RAW,S,R->L,0.0054945054945054923
P13,RAW,S,R->R,0.13324175824175824
P13,HUD,TL,C->C,0.80442176870748305
P13,HUD,TL,C->L,0.17517006802721086
P13,HUD,TL,C->R,0.020408163265306114
P13,HUD,TL,L->C,0.16783097854526424
P13,HUD,TL,L->L,0.83216902145473581
P13,HUD,TL,L->R,0
P13,HUD,TL,R->C,0
P13,HUD,TL,R->L,0.14285714285714285
P13,HUD,TL,R->R,0
P13,RAW,TL,C->C,0.74625850340136057
P13,RAW,TL,C->L,0.25374149659863943
P13,RAW,TL,C->R,0
P13,RAW,TL,L->C,0.2123582766439909
P13,RAW,TL,L->L,0.78764172335600902
P13,RAW,TL,L->R,0
P13,RAW,TL,R->C,0
P13,RAW,TL,R->L,0
P13,RAW,TL,R->R,0
P13,HUD,TR,C->C,0.7857142857142857
P13,HUD,TR,C->L,0.027777777777777766
P13,HUD,TR,C->R,0.18650793650793648
P13,HUD,TR,L->C,0.083333333333333329
P13,HUD,TR,L->L,0.16666666666666666
P13,HUD,TR,L->R,0.083333333333333329
P13,HUD,TR,R->C,0.32632275132275129
P13,HUD,TR,R->L,0
P13,HUD,TR,R->R,0.67367724867724865
P13,RAW,TR,C->C,0.36507936507936506
P13,RAW,TR,C->L,0
P13,RAW,TR,C->R,0.63492063492063489
P13,RAW,TR,L->C,0.16666666666666666
P13,RAW,TR,L->L,0
P13,RAW,TR,L->R,0.16666666666666666
P13,RAW,TR,R->C,0.17933455433455428
P13,RAW,TR,R->L,0.037698412698412682
P13,RAW,TR,R->R,0.78296703296703296
P14,HUD,LL,C->C,0.94951923076923084
P14,HUD,LL,C->L,0.03125
P14,HUD,LL,C->R,0.019230769230769225
P14,HUD,LL,L->C,0.125
P14,HUD,LL,L->L,0.125
P14,HUD,LL,L->R,0
P14,HUD,LL,R->C,0.25
P14,HUD,LL,R->L,0
P14,HUD,LL,R->R,0
P14,RAW,LL,C->C,0.95454545454545459
P14,RAW,LL,C->L,0
P14,RAW,LL,C->R,0.045454545454545449
P14,RAW,LL,L->C,0.25
P14,RAW,LL,L->L,0
P14,RAW,LL,L->R,0
P14,RAW,LL,R->C,0.25
P14,RAW,LL,R->L,0
P14,RAW,LL,R->R,0
P14,HUD,LR,C->C,0.98484848484848486
P14,HUD,LR,C->L,0
P14,HUD,LR,C->R,0.01515151515151515
P14,HUD,LR,L->C,0
P14,HUD,LR,L->L,0
P14,HUD,LR,L->R,0
P14,HUD,LR,R->C,0.16666666666666666
P14,HUD,LR,R->L,0
P14,HUD,LR,R->R,0
P14,RAW,LR,C->C,0.96009615384615399
P14,RAW,LR,C->L,0.012820512820512817
P14,RAW,LR,C->R,0.027083333333333334
P14,RAW,LR,L->C,0
P14,RAW,LR,L->L,0
P14,RAW,LR,L->R,0
P14,RAW,LR,R->C,0.20833333333333334
P14,RAW,LR,R->L,0
P14,RAW,LR,R->R,0.125
P14,HUD,PLL,C->C,0.97499999999999998
P14,HUD,PLL,C->L,0.025000000000000001
P14,HUD,PLL,C->R,0
P14,HUD,PLL,L->C,0.050000000000000003
P14,HUD,PLL,L->L,0.20000000000000001
P14,HUD,PLL,L->R,0
P14,HUD,PLL,R->C,0.125
P14,HUD,PLL,R->L,0
P14,HUD,PLL,R->R,0.125
P14,RAW,PLL,C->C,0.90079365079365081
P14,RAW,PLL,C->L,0.099206349206349201
P14,RAW,PLL,C->R,0
P14,RAW,PLL,L->C,0.055555555555555552
P14,RAW,PLL,L->L,0.19444444444444445
P14,RAW,PLL,L->R,0
P14,RAW,PLL,R->C,0
P14,RAW,PLL,R->L,0
P14,RAW,PLL,R->R,0
P14,HUD,PLR,C->C,0.87698412698412687
P14,HUD,PLR,C->L,0
P14,HUD,PLR,C->R,0.123015873015873
P14,HUD,PLR,L->C,0
P14,HUD,PLR,L->L,0
P14,HUD,PLR,L->R,0
P14,HUD,PLR,R->C,0.35999999999999999
P14,HUD,PLR,R->L,0
P14,HUD,PLR,R->R,0.23999999999999999
P14,RAW,PLR,C->C,0.93055555555555547
P14,RAW,PLR,C->L,0.055555555555555552
P14,RAW,PLR,C->R,0.013888888888888883
P14,RAW,PLR,L->C,0
P14,RAW,PLR,L->L,0.16666666666666666
P14,RAW,PLR,L->R,0
P14,RAW,PLR,R->C,0.16666666666666666
P14,RAW,PLR,R->L,0
P14,RAW,PLR,R->R,0
P14,HUD,PTL,C->C,0.70770975056689345
P14,HUD,PTL,C->L,0.29229024943310655
P14,HUD,PTL,C->R,0
P14,HUD,PTL,L->C,0.5
P14,HUD,PTL,L->L,0.5
P14,HUD,PTL,L->R,0
P14,HUD,PTL,R->C,0
P14,HUD,PTL,R->L,0
P14,HUD,PTL,R->R,0
P14,RAW,PTL,C->C,0.82751189703655637
P14,RAW,PTL,C->L,0.14509710762955405
P14,RAW,PTL,C->R,0.027390995333889546
P14,RAW,PTL,L->C,0.3769423558897243
P14,RAW,PTL,L->L,0.61929824561403513
P14,RAW,PTL,L->R,0.0037593984962406
P14,RAW,PTL,R->C,0.12142857142857144
P14,RAW,PTL,R->L,0.028571428571428574
P14,RAW,PTL,R->R,0.27857142857142858
P14,HUD,PTR,C->C,0.84126984126984128
P14,HUD,PTR,C->L,0.037037037037037035
P14,HUD,PTR,C->R,0.12169312169312167
P14,HUD,PTR,L->C,0.27777777777777773
P14,HUD,PTR,L->L,0.19999999999999998
P14,HUD,PTR,L->R,0.022222222222222216
P14,HUD,PTR,R->C,0.39999999999999997
P14,HUD,PTR,R->L,0.016666666666666666
P14,HUD,PTR,R->R,0.41666666666666669
P14,RAW,PTR,C->C,0.83112225938312889
P14,RAW,PTR,C->L,0.067911557041991796
P14,RAW,PTR,C->R,0.10096618357487923
P14,RAW,PTR,L->C,0.17297979797979798
P14,RAW,PTR,L->L,0.25505050505050503
P14,RAW,PTR,L->R,0.071969696969696961
P14,RAW,PTR,R->C,0.19791666666666666
P14,RAW,PTR,R->L,0.010416666666666666
P14,RAW,PTR,R->R,0.45833333333333331
P14,HUD,S,C->C,0.93224495275965868
P14,HUD,S,C->L,0.052655979641273741
P14,HUD,S,C->R,0.015099067599067593
P14,HUD,S,L->C,0.43333333333333335
P14,HUD,S,L->L,0.10000000000000001
P14,HUD,S,L->R,0
P14,HUD,S,R->C,0.14388888888888887
P14,HUD,S,R->L,0
P14,HUD,S,R->R,0.056111111111111105
P14,RAW,S,C->C,0.84598687118681959
P14,RAW,S,C->L,0.077994434554032058
P14,RAW,S,C->R,0.038981657222111298
P14,RAW,S,L->C,0.48796296296296299
P14,RAW,S,L->L,0.21574074074074076
P14,RAW,S,L->R,0
P14,RAW,S,R->C,0.24691358024691357
P14,RAW,S,R->L,0
P14,RAW,S,R->R,0.086419753086419748
P14,HUD,TL,C->C,0.8571428571428571
P14,HUD,TL,C->L,0.14285714285714285
P14,HUD,TL,C->R,0
P14,HUD,TL,L->C,0.25752164502164504
P14,HUD,TL,L->L,0.59962121212121211
P14,HUD,TL,L->R,0
P14,HUD,TL,R->C,0
P14,HUD,TL,R->L,0
P14,HUD,TL,R->R,0
P14,RAW,TL,C->C,0.62244897959183665
P14,RAW,TL,C->L,0.32993197278911562
P14,RAW,TL,C->R,0.047619047619047616
P14,RAW,TL,L->C,0.20618429189857762
P14,RAW,TL,L->L,0.79381570810142243
P14,RAW,TL,L->R,0
P14,RAW,TL,R->C,0.14285714285714285
P14,RAW,TL,R->L,0
P14,RAW,TL,R->R,0
P14,HUD,TR,C->C,0.79166666666666663
P14,HUD,TR,C->L,0.055555555555555552
P14,HUD,TR,C->R,0.15277777777777776
P14,HUD,TR,L->C,0
P14,HUD,TR,L->L,0.16666666666666666
P14,HUD,TR,L->R,0
P14,HUD,TR,R->C,0.24761904761904763
P14,HUD,TR,R->L,0
P14,HUD,TR,R->R,0.58571428571428574
P14,RAW,TR,C->C,0.55303030303030309
P14,RAW,TR,C->L,0.01515151515151515
P14,RAW,TR,C->R,0.26515151515151514
P14,RAW,TR,L->C,0.16666666666666666
P14,RAW,TR,L->L,0
P14,RAW,TR,L->R,0
P14,RAW,TR,R->C,0.099885129490392632
P14,RAW,TR,R->L,0
P14,RAW,TR,R->R,0.566781537176274
P15,HUD,LL,C->C,0.89743589743589747
P15,HUD,LL,C->L,0.083333333333333329
P15,HUD,LL,C->R,0.019230769230769225
P15,HUD,LL,L->C,0.25
P15,HUD,LL,L->L,0
P15,HUD,LL,L->R,0
P15,HUD,LL,R->C,0
P15,HUD,LL,R->L,0
P15,HUD,LL,R->R,0
P15,RAW,LL,C->C,0.984375
P15,RAW,LL,C->L,0
P15,RAW,LL,C->R,0.015625
P15,RAW,LL,L->C,0
P15,RAW,LL,L->L,0
P15,RAW,LL,L->R,0
P15,RAW,LL,R->C,0.125
P15,RAW,LL,R->L,0
P15,RAW,LL,R->R,0.125
P15,HUD,LR,C->C,0.96012321012321022
P15,HUD,LR,C->L,0.01515151515151515
P15,HUD,LR,C->R,0.024725274725274717
P15,HUD,LR,L->C,0.16666666666666666
P15,HUD,LR,L->L,0
P15,HUD,LR,L->R,0
P15,HUD,LR,R->C,0.13888888888888887
P15,HUD,LR,R->L,0
P15,HUD,LR,R->R,0.19444444444444442
P15,RAW,LR,C->C,0.98333333333333339
P15,RAW,LR,C->L,0
P15,RAW,LR,C->R,0.016666666666666666
P15,RAW,LR,L->C,0
P15,RAW,LR,L->L,0
P15,RAW,LR,L->R,0
P15,RAW,LR,R->C,0.19444444444444442
P15,RAW,LR,R->L,0
P15,RAW,LR,R->R,0.30555555555555558
P15,HUD,PLL,C->C,0.90993589743589753
P15,HUD,PLL,C->L,0.090064102564102549
P15,HUD,PLL,C->R,0
P15,HUD,PLL,L->C,0.75
P15,HUD,PLL,L->L,0
P15,HUD,PLL,L->R,0
P15,HUD,PLL,R->C,0
P15,HUD,PLL,R->L,0
P15,HUD,PLL,R->R,0
P15,RAW,PLL,C->C,1
P15,RAW,PLL,C->L,0
P15,RAW,PLL,C->R,0
P15,RAW,PLL,L->C,0
P15,RAW,PLL,L->L,0
P15,RAW,PLL,L->R,0
P15,RAW,PLL,R->C,0
P15,RAW,PLL,R->L,0
P15,RAW,PLL,R->R,0
P15,HUD,PLR,C->C,0.86574074074074081
P15,HUD,PLR,C->L,0
P15,HUD,PLR,C->R,0.13425925925925927
P15,HUD,PLR,L->C,0
P15,HUD,PLR,L->L,0
P15,HUD,PLR,L->R,0
P15,HUD,PLR,R->C,0.31666666666666665
P15,HUD,PLR,R->L,0
P15,HUD,PLR,R->R,0.18333333333333335
P15,RAW,PLR,C->C,0.88333333333333341
P15,RAW,PLR,C->L,0
P15,RAW,PLR,C->R,0.11666666666666665
P15,RAW,PLR,L->C,0
P15,RAW,PLR,L->L,0
P15,RAW,PLR,L->R,0
P15,RAW,PLR,R->C,0.16
P15,RAW,PLR,R->L,0
P15,RAW,PLR,R->R,0.24000000000000005
P15,HUD,PTL,C->C,0.62759748708226459
P15,HUD,PTL,C->L,0.34466748448013085
P15,HUD,PTL,C->R,0.027735028437604527
P15,HUD,PTL,L->C,0.33037349555206691
P15,HUD,PTL,L->L,0.66962650444793304
P15,HUD,PTL,L->R,0
P15,HUD,PTL,R->C,0.29591836734693872
P15,HUD,PTL,R->L,0.035714285714285712
P15,HUD,PTL,R->R,0.096938775510204064
P15,RAW,PTL,C->C,0.79274376417233561
P15,RAW,PTL,C->L,0.20725623582766439
P15,RAW,PTL,C->R,0
P15,RAW,PTL,L->C,0.14102564102564102
P15,RAW,PTL,L->L,0.66849816849816845
P15,RAW,PTL,L->R,0.047619047619047616
P15,RAW,PTL,R->C,0.047619047619047616
P15,RAW,PTL,R->L,0
P15,RAW,PTL,R->R,0.095238095238095233
P15,HUD,PTR,C->C,0.7909009369625809
P15,HUD,PTR,C->L,0.038267953507679531
P15,HUD,PTR,C->R,0.17083110952973965
P15,HUD,PTR,L->C,0.47222222222222227
P15,HUD,PTR,L->L,0.1111111111111111
P15,HUD,PTR,L->R,0.083333333333333329
P15,HUD,PTR,R->C,0.46016483516483514
P15,HUD,PTR,R->L,0
P15,HUD,PTR,R->R,0.5398351648351648
P15,RAW,PTR,C->C,0.65277777777777779
P15,RAW,PTR,C->L,0.013888888888888883
P15,RAW,PTR,C->R,0.16666666666666666
P15,RAW,PTR,L->C,0.055555555555555552
P15,RAW,PTR,L->L,0.055555555555555552
P15,RAW,PTR,L->R,0.055555555555555552
P15,RAW,PTR,R->C,0.29761904761904762
P15,RAW,PTR,R->L,0.011904761904761899
P15,RAW,PTR,R->R,0.69047619047619058
P15,HUD,S,C->C,0.95082813638232921
P15,HUD,S,C->L,0.030888587792092519
P15,HUD,S,C->R,0.018283275825578198
P15,HUD,S,L->C,0.27873303167420815
P15,HUD,S,L->L,0.067420814479638005
P15,HUD,S,L->R,0
P15,HUD,S,R->C,0.27478632478632475
P15,HUD,S,R->L,0.011965811965811967
P15,HUD,S,R->R,0.097863247863247863
P15,RAW,S,C->C,0.9661967675167884
P15,RAW,S,C->L,0.025584942935175124
P15,RAW,S,C->R,0.0082182895480364358
P15,RAW,S,L->C,0.36722222222222223
P15,RAW,S,L->L,0.066111111111111107
P15,RAW,S,L->R,0
P15,RAW,S,R->C,0.20000000000000001
P15,RAW,S,R->L,0
P15,RAW,S,R->R,0.033333333333333333
P15,HUD,TL,C->C,0.80476190476190468
P15,HUD,TL,C->L,0.1238095238095238
P15,HUD,TL,C->R,0.071428571428571425
P15,HUD,TL,L->C,0.1615934252488874
P15,HUD,TL,L->L,0.83840657475111258
P15,HUD,TL,L->R,0
P15,HUD,TL,R->C,0.14285714285714285
P15,HUD,TL,R->L,0.14285714285714285
P15,HUD,TL,R->R,0
P15,RAW,TL,C->C,0.8571428571428571
P15,RAW,TL,C->L,0.14285714285714285
P15,RAW,TL,C->R,0
P15,RAW,TL,L->C,0.10453831882403308
P15,RAW,TL,L->L,0.89546168117596703
P15,RAW,TL,L->R,0
P15,RAW,TL,R->C,0
P15,RAW,TL,R->L,0
P15,RAW,TL,R->R,0
P15,HUD,TR,C->C,0.61111111111111105
P15,HUD,TR,C->L,0
P15,HUD,TR,C->R,0.38888888888888884
P15,HUD,TR,L->C,0
P15,HUD,TR,L->L,0
P15,HUD,TR,L->R,0
P15,HUD,TR,R->C,0.10681818181818181
P15,HUD,TR,R->L,0
P15,HUD,TR,R->R,0.89318181818181819
P15,RAW,TR,C->C,0.91666666666666663
P15,RAW,TR,C->L,0
P15,RAW,TR,C->R,0.083333333333333329
P15,RAW,TR,L->C,0
P15,RAW,TR,L->L,0
P15,RAW,TR,L->R,0
P15,RAW,TR,R->C,0.1666125541125541
P15,RAW,TR,R->L,0
P15,RAW,TR,R->R,0.83338744588744584
P16,HUD,LL,C->C,0.81190476190476191
P16,HUD,LL,C->L,0.15238095238095234
P16,HUD,LL,C->R,0.035714285714285698
P16,HUD,LL,L->C,0.5714285714285714
P16,HUD,LL,L->L,0.4285714285714286
P16,HUD,LL,L->R,0
P16,HUD,LL,R->C,0.25
P16,HUD,LL,R->L,0
P16,HUD,LL,R->R,0
P16,RAW,LL,C->C,0.97222222222222221
P16,RAW,LL,C->L,0
P16,RAW,LL,C->R,0.027777777777777776
P16,RAW,LL,L->C,0
P16,RAW,LL,L->L,0
P16,RAW,LL,L->R,0
P16,RAW,LL,R->C,0
P16,RAW,LL,R->L,0
P16,RAW,LL,R->R,0.25
P16,HUD,LR,C->C,0.92106227106227101
P16,HUD,LR,C->L,0.012820512820512817
P16,HUD,LR,C->R,0.066117216117216104
P16,HUD,LR,L->C,0.16666666666666666
P16,HUD,LR,L->L,0
P16,HUD,LR,L->R,0
P16,HUD,LR,R->C,0.29133597883597884
P16,HUD,LR,R->L,0
P16,HUD,LR,R->R,0.70866402116402105
P16,RAW,LR,C->C,0.95767195767195767
P16,RAW,LR,C->L,0.023809523809523798
P16,RAW,LR,C->R,0.018518518518518517
P16,RAW,LR,L->C,0
P16,RAW,LR,L->L,0
P16,RAW,LR,L->R,0
P16,RAW,LR,R->C,0.13888888888888887
P16,RAW,LR,R->L,0
P16,RAW,LR,R->R,0.19444444444444442
P16,HUD,PLL,C->C,0.33333333333333331
P16,HUD,PLL,C->L,0.66666666666666663
P16,HUD,PLL,C->R,0
P16,HUD,PLL,L->C,0.061188811188811171
P16,HUD,PLL,L->L,0.93881118881118886
P16,HUD,PLL,L->R,0
P16,HUD,PLL,R->C,0
P16,HUD,PLL,R->L,0
P16,HUD,PLL,R->R,0
P16,RAW,PLL,C->C,1
P16,RAW,PLL,C->L,0
P16,RAW,PLL,C->R,0
P16,RAW,PLL,L->C,0
P16,RAW,PLL,L->L,0
P16,RAW,PLL,L->R,0
P16,RAW,PLL,R->C,0
P16,RAW,PLL,R->L,0
P16,RAW,PLL,R->R,0
P16,HUD,PLR,C->C,0.5
P16,HUD,PLR,C->L,0.050000000000000003
P16,HUD,PLR,C->R,0.45000000000000001
P16,HUD,PLR,L->C,0.20000000000000001
P16,HUD,PLR,L->L,0
P16,HUD,PLR,L->R,0
P16,HUD,PLR,R->C,0.092991452991452977
P16,HUD,PLR,R->L,0
P16,HUD,PLR,R->R,0.90700854700854694
P16,RAW,PLR,C->C,0.97619047619047616
P16,RAW,PLR,C->L,0
P16,RAW,PLR,C->R,0.023809523809523798
P16,RAW,PLR,L->C,0
P16,RAW,PLR,L->L,0
P16,RAW,PLR,L->R,0
P16,RAW,PLR,R->C,0
P16,RAW,PLR,R->L,0
P16,RAW,PLR,R->R,0
P16,HUD,PTL,C->C,0.59186765615337045
P16,HUD,PTL,C->L,0.32127396413110698
P16,HUD,PTL,C->R,0.086858379715522557
P16,HUD,PTL,L->C,0.35515873015873017
P16,HUD,PTL,L->L,0.64484126984126988
P16,HUD,PTL,L->R,0
P16,HUD,PTL,R->C,0.34523809523809523
P16,HUD,PTL,R->L,0
P16,HUD,PTL,R->R,0.22619047619047619
P16,RAW,PTL,C->C,0.90512695790328057
P16,RAW,PTL,C->L,0.0495144097651955
P16,RAW,PTL,C->R,0.045358632331523881
P16,RAW,PTL,L->C,0.5714285714285714
P16,RAW,PTL,L->L,0.14285714285714285
P16,RAW,PTL,L->R,0
P16,RAW,PTL,R->C,0.25119047619047619
P16,RAW,PTL,R->L,0
P16,RAW,PTL,R->R,0.17738095238095239
P16,HUD,PTR,C->C,0.72517297517297508
P16,HUD,PTR,C->L,0.066239316239316212
P16,HUD,PTR,C->R,0.20858770858770859
P16,HUD,PTR,L->C,0.14444444444444443
P16,HUD,PTR,L->L,0.12222222222222223
P16,HUD,PTR,L->R,0.066666666666666666
P16,HUD,PTR,R->C,0.099415204678362568
P16,HUD,PTR,R->L,0.17543859649122806
P16,HUD,PTR,R->R,0.55847953216374269
P16,RAW,PTR,C->C,0.83181733725211993
P16,RAW,PTR,C->L,0.096121471121471083
P16,RAW,PTR,C->R,0.072061191626409005
P16,RAW,PTR,L->C,0.27797619047619043
P16,RAW,PTR,L->L,0.2994047619047619
P16,RAW,PTR,L->R,0.089285714285714288
P16,RAW,PTR,R->C,0.56111111111111112
P16,RAW,PTR,R->L,0
P16,RAW,PTR,R->R,0.2722222222222222
P16,HUD,S,C->C,0.95617086722034972
P16,HUD,S,C->L,0.023616706934476043
P16,HUD,S,C->R,0.020212425845174142
P16,HUD,S,L->C,0.23333333333333334
P16,HUD,S,L->L,0.033333333333333333
P16,HUD,S,L->R,0
P16,HUD,S,R->C,0.21404761904761901
P16,HUD,S,R->L,0
P16,HUD,S,R->R,0.085952380952380947
P16,RAW,S,C->C,0.97550872114852283
P16,RAW,S,C->L,0.011224401809071831
P16,RAW,S,C->R,0.013266877042405397
P16,RAW,S,L->C,0.25
P16,RAW,S,L->L,0.057692307692307696
P16,RAW,S,L->R,0
P16,RAW,S,R->C,0.18269230769230768
P16,RAW,S,R->L,0
P16,RAW,S,R->R,0.04807692307692308
P16,HUD,TL,C->C,0.87142857142857133
P16,HUD,TL,C->L,0.12857142857142859
P16,HUD,TL,C->R,0
P16,HUD,TL,L->C,0.12794784580498866
P16,HUD,TL,L->L,0.87205215419501136
P16,HUD,TL,L->R,0
P16,HUD,TL,R->C,0
P16,HUD,TL,R->L,0
P16,HUD,TL,R->R,0
P16,RAW,TL,C->C,0.7795918367346939
P16,RAW,TL,C->L,0.2204081632653061
P16,RAW,TL,C->R,0
P16,RAW,TL,L->C,0.26241496598639452
P16,RAW,TL,L->L,0.57431972789115648
P16,RAW,TL,L->R,0.16326530612244897
P16,RAW,TL,R->C,0.071428571428571425
P16,RAW,TL,R->L,0.14285714285714285
P16,RAW,TL,R->R,0.071428571428571425
P16,HUD,TR,C->C,0.88888888888888895
P16,HUD,TR,C->L,0
P16,HUD,TR,C->R,0.1111111111111111
P16,HUD,TR,L->C,0
P16,HUD,TR,L->L,0
P16,HUD,TR,L->R,0
P16,HUD,TR,R->C,0.18564814814814812
P16,HUD,TR,R->L,0
P16,HUD,TR,R->R,0.81435185185185188
P16,RAW,TR,C->C,0.81785714285714273
P16,RAW,TR,C->L,0
P16,RAW,TR,C->R,0.18214285714285713
P16,RAW,TR,L->C,0
P16,RAW,TR,L->L,0
P16,RAW,TR,L->R,0
P16,RAW,TR,R->C,0.10592547549069285
P16,RAW,TR,R->L,0
P16,RAW,TR,R->R,0.89407452450930724
P17,HUD,LL,C->C,0.97222222222222221
P17,HUD,LL,C->L,0.027777777777777776
P17,HUD,LL,C->R,0
P17,HUD,LL,L->C,0.875
P17,HUD,LL,L->L,0.125
P17,HUD,LL,L->R,0
P17,HUD,LL,R->C,0
P17,HUD,LL,R->L,0
P17,HUD,LL,R->R,0
P17,RAW,LL,C->C,0.91666666666666663
P17,RAW,LL,C->L,0.083333333333333329
P17,RAW,LL,C->R,0
P17,RAW,LL,L->C,0.3125
P17,RAW,LL,L->L,0.1875
P17,RAW,LL,L->R,0
P17,RAW,LL,R->C,0
P17,RAW,LL,R->L,0
P17,RAW,LL,R->R,0
P17,HUD,LR,C->C,0.96759259259259256
P17,HUD,LR,C->L,0
P17,HUD,LR,C->R,0.032407407407407406
P17,HUD,LR,L->C,0
P17,HUD,LR,L->L,0
P17,HUD,LR,L->R,0
P17,HUD,LR,R->C,0.16666666666666666
P17,HUD,LR,R->L,0
P17,HUD,LR,R->R,0.16666666666666666
P17,RAW,LR,C->C,0.98148148148148151
P17,RAW,LR,C->L,0
P17,RAW,LR,C->R,0.018518518518518517
P17,RAW,LR,L->C,0
P17,RAW,LR,L->L,0
P17,RAW,LR,L->R,0
P17,RAW,LR,R->C,0.09722222222222221
P17,RAW,LR,R->L,0
P17,RAW,LR,R->R,0.23611111111111108
P17,HUD,PLL,C->C,0.83960483960483967
P17,HUD,PLL,C->L,0.16039516039516039
P17,HUD,PLL,C->R,0
P17,HUD,PLL,L->C,0.39166666666666666
P17,HUD,PLL,L->L,0.60833333333333328
P17,HUD,PLL,L->R,0
P17,HUD,PLL,R->C,0
P17,HUD,PLL,R->L,0
P17,HUD,PLL,R->R,0
P17,RAW,PLL,C->C,0.92102272727272727
P17,RAW,PLL,C->L,0.078977272727272729
P17,RAW,PLL,C->R,0
P17,RAW,PLL,L->C,0.1875
P17,RAW,PLL,L->L,0.5625
P17,RAW,PLL,L->R,0
P17,RAW,PLL,R->C,0
P17,RAW,PLL,R->L,0
P17,RAW,PLL,R->R,0
P17,HUD,PLR,C->C,0.92499999999999993
P17,HUD,PLR,C->L,0
P17,HUD,PLR,C->R,0.074999999999999997
P17,HUD,PLR,L->C,0
P17,HUD,PLR,L->L,0
P17,HUD,PLR,L->R,0
P17,HUD,PLR,R->C,0.5
P17,HUD,PLR,R->L,0
P17,HUD,PLR,R->R,0
P17,RAW,PLR,C->C,0.81722222222222229
P17,RAW,PLR,C->L,0
P17,RAW,PLR,C->R,0.18277777777777776
P17,RAW,PLR,L->C,0
P17,RAW,PLR,L->L,0
P17,RAW,PLR,L->R,0
P17,RAW,PLR,R->C,0.40000000000000002
P17,RAW,PLR,R->L,0
P17,RAW,PLR,R->R,0.40000000000000002
P17,HUD,PTL,C->C,0.86127833268614007
P17,HUD,PTL,C->L,0.13872166731385999
P17,HUD,PTL,C->R,0
P17,HUD,PTL,L->C,0.56746031746031744
P17,HUD,PTL,L->L,0.4325396825396825
P17,HUD,PTL,L->R,0
P17,HUD,PTL,R->C,0
P17,HUD,PTL,R->L,0
P17,HUD,PTL,R->R,0
P17,RAW,PTL,C->C,0.90939035901441923
P17,RAW,PTL,C->L,0.090609640985580803
P17,RAW,PTL,C->R,0
P17,RAW,PTL,L->C,0.27380952380952378
P17,RAW,PTL,L->L,0.58333333333333326
P17,RAW,PTL,L->R,0
P17,RAW,PTL,R->C,0
P17,RAW,PTL,R->L,0
P17,RAW,PTL,R->R,0
P17,HUD,PTR,C->C,0.8821621386276558
P17,HUD,PTR,C->L,0.016588296760710549
P17,HUD,PTR,C->R,0.10124956461163355
P17,HUD,PTR,L->C,0.25
P17,HUD,PTR,L->L,0.083333333333333329
P17,HUD,PTR,L->R,0
P17,HUD,PTR,R->C,0.31150793650793651
P17,HUD,PTR,R->L,0.011904761904761899
P17,HUD,PTR,R->R,0.3432539682539682
P17,RAW,PTR,C->C,0.92576606400135819
P17,RAW,PTR,C->L,0
P17,RAW,PTR,C->R,0.074233935998641865
P17,RAW,PTR,L->C,0.055555555555555552
P17,RAW,PTR,L->L,0.055555555555555552
P17,RAW,PTR,L->R,0.055555555555555552
P17,RAW,PTR,R->C,0.1337719298245614
P17,RAW,PTR,R->L,0.017543859649122799
P17,RAW,PTR,R->R,0.51535087719298245
P17,HUD,S,C->C,0.95078949952230674
P17,HUD,S,C->L,0.01079306067705677
P17,HUD,S,C->R,0.0027031540863508038
P17,HUD,S,L->C,0.071428571428571425
P17,HUD,S,L->L,0.10714285714285714
P17,HUD,S,L->R,0
P17,HUD,S,R->C,0.10714285714285714
P17,HUD,S,R->L,0
P17,HUD,S,R->R,0
P17,RAW,S,C->C,0.98769841269841263
P17,RAW,S,C->L,0.01111111111111111
P17,RAW,S,C->R,0.0011904761904761899
P17,RAW,S,L->C,0
P17,RAW,S,L->L,0
P17,RAW,S,L->R,0
P17,RAW,S,R->C,0
P17,RAW,S,R->L,0
P17,RAW,S,R->R,0.033333333333333333
P17,HUD,TL,C->C,0.94761904761904769
P17,HUD,TL,C->L,0.052380952380952368
P17,HUD,TL,C->R,0
P17,HUD,TL,L->C,0.20357142857142854
P17,HUD,TL,L->L,0.65357142857142858
P17,HUD,TL,L->R,0
P17,HUD,TL,R->C,0
P17,HUD,TL,R->L,0
P17,HUD,TL,R->R,0
P17,RAW,TL,C->C,0.86428571428571421
P17,RAW,TL,C->L,0.1357142857142857
P17,RAW,TL,C->R,0
P17,RAW,TL,L->C,0.32964852607709749
P17,RAW,TL,L->L,0.67035147392290251
P17,RAW,TL,L->R,0
P17,RAW,TL,R->C,0
P17,RAW,TL,R->L,0
P17,RAW,TL,R->R,0
P17,HUD,TR,C->C,0.69444444444444431
P17,HUD,TR,C->L,0
P17,HUD,TR,C->R,0.13888888888888887
P17,HUD,TR,L->C,0
P17,HUD,TR,L->L,0
P17,HUD,TR,L->R,0
P17,HUD,TR,R->C,0.1782407407407407
P17,HUD,TR,R->L,0
P17,HUD,TR,R->R,0.82175925925925919
P17,RAW,TR,C->C,0.9018518518518519
P17,RAW,TR,C->L,0
P17,RAW,TR,C->R,0.098148148148148137
P17,RAW,TR,L->C,0
P17,RAW,TR,L->L,0
P17,RAW,TR,L->R,0
P17,RAW,TR,R->C,0.33055555555555555
P17,RAW,TR,R->L,0
P17,RAW,TR,R->R,0.6694444444444444
P18,HUD,LL,C->C,0.97222222222222221
P18,HUD,LL,C->L,0.027777777777777776
P18,HUD,LL,C->R,0
P18,HUD,LL,L->C,0.45833333333333331
P18,HUD,LL,L->L,0.29166666666666663
P18,HUD,LL,L->R,0
P18,HUD,LL,R->C,0
P18,HUD,LL,R->L,0
P18,HUD,LL,R->R,0
P18,RAW,LL,C->C,0.97499999999999998
P18,RAW,LL,C->L,0.025000000000000001
P18,RAW,LL,C->R,0
P18,RAW,LL,L->C,0.25
P18,RAW,LL,L->L,0
P18,RAW,LL,L->R,0
P18,RAW,LL,R->C,0
P18,RAW,LL,R->L,0
P18,RAW,LL,R->R,0
P18,HUD,LR,C->C,0.96990740740740744
P18,HUD,LR,C->L,0
P18,HUD,LR,C->R,0.03009259259259257
P18,HUD,LR,L->C,0.083333333333333329
P18,HUD,LR,L->L,0.083333333333333329
P18,HUD,LR,L->R,0
P18,HUD,LR,R->C,0.33333333333333331
P18,HUD,LR,R->L,0
P18,HUD,LR,R->R,0.33333333333333331
P18,RAW,LR,C->C,0.9592074592074592
P18,RAW,LR,C->L,0.01515151515151515
P18,RAW,LR,C->R,0.025641025641025633
P18,RAW,LR,L->C,0.083333333333333329
P18,RAW,LR,L->L,0.083333333333333329
P18,RAW,LR,L->R,0
P18,RAW,LR,R->C,0.16666666666666666
P18,RAW,LR,R->L,0
P18,RAW,LR,R->R,0
P18,HUD,PLL,C->C,0.76896367521367526
P18,HUD,PLL,C->L,0.23103632478632477
P18,HUD,PLL,C->R,0
P18,HUD,PLL,L->C,0.5
P18,HUD,PLL,L->L,0.5
P18,HUD,PLL,L->R,0
P18,HUD,PLL,R->C,0
P18,HUD,PLL,R->L,0
P18,HUD,PLL,R->R,0
P18,RAW,PLL,C->C,0.83472222222222214
P18,RAW,PLL,C->L,0.16527777777777777
P18,RAW,PLL,C->R,0
P18,RAW,PLL,L->C,0.27500000000000002
P18,RAW,PLL,L->L,0.47499999999999998
P18,RAW,PLL,L->R,0
P18,RAW,PLL,R->C,0
P18,RAW,PLL,R->L,0
P18,RAW,PLL,R->R,0
P18,HUD,PLR,C->C,0.75783475783475784
P18,HUD,PLR,C->L,0.018518518518518517
P18,HUD,PLR,C->R,0.05698005698005696
P18,HUD,PLR,L->C,0
P18,HUD,PLR,L->L,0
P18,HUD,PLR,L->R,0
P18,HUD,PLR,R->C,0.13888888888888887
P18,HUD,PLR,R->L,0
P18,HUD,PLR,R->R,0.19444444444444442
P18,RAW,PLR,C->C,0.98148148148148151
P18,RAW,PLR,C->L,0
P18,RAW,PLR,C->R,0.018518518518518517
P18,RAW,PLR,L->C,0
P18,RAW,PLR,L->L,0
P18,RAW,PLR,L->R,0
P18,RAW,PLR,R->C,0.033333333333333333
P18,RAW,PLR,R->L,0
P18,RAW,PLR,R->R,0.13333333333333333
P18,HUD,PTL,C->C,0.78584510727367873
P18,HUD,PTL,C->L,0.18530873888016744
P18,HUD,PTL,C->R,0.028846153846153844
P18,HUD,PTL,L->C,0.15800865800865799
P18,HUD,PTL,L->L,0.68127705627705637
P18,HUD,PTL,L->R,0.017857142857142856
P18,HUD,PTL,R->C,0.13095238095238096
P18,HUD,PTL,R->L,0
P18,HUD,PTL,R->R,0.29761904761904756
P18,RAW,PTL,C->C,0.9139709496852354
P18,RAW,PTL,C->L,0.034180105608677028
P18,RAW,PTL,C->R,0.051848944706087551
P18,RAW,PTL,L->C,0.23896103896103899
P18,RAW,PTL,L->L,0.18961038961038959
P18,RAW,PTL,L->R,0
P18,RAW,PTL,R->C,0.10317460317460317
P18,RAW,PTL,R->L,0.047619047619047616
P18,RAW,PTL,R->R,0.27777777777777779
P18,HUD,PTR,C->C,0.80972869722869723
P18,HUD,PTR,C->L,0.018518518518518517
P18,HUD,PTR,C->R,0.17175278425278426
P18,HUD,PTR,L->C,0.013888888888888883
P18,HUD,PTR,L->L,0.125
P18,HUD,PTR,L->R,0.027777777777777766
P18,HUD,PTR,R->C,0.15555555555555553
P18,HUD,PTR,R->L,0.037037037037037035
P18,HUD,PTR,R->R,0.64074074074074072
P18,RAW,PTR,C->C,0.79392610313662937
P18,RAW,PTR,C->L,0.12626262626262627
P18,RAW,PTR,C->R,0.079811270600744277
P18,RAW,PTR,L->C,0.15740740740740741
P18,RAW,PTR,L->L,0.17592592592592593
P18,RAW,PTR,L->R,0
P18,RAW,PTR,R->C,0.21111111111111111
P18,RAW,PTR,R->L,0
P18,RAW,PTR,R->R,0.28888888888888892
P18,HUD,S,C->C,0.96621007898204325
P18,HUD,S,C->L,0.014478755254963754
P18,HUD,S,C->R,0.019311165762992997
P18,HUD,S,L->C,0.25
P18,HUD,S,L->L,0.016666666666666666
P18,HUD,S,L->R,0
P18,HUD,S,R->C,0.26666666666666666
P18,HUD,S,R->L,0
P18,HUD,S,R->R,0.066666666666666666
P18,RAW,S,C->C,0.92389400895823848
P18,RAW,S,C->L,0.042596647524884193
P18,RAW,S,C->R,0.033509343516877343
P18,RAW,S,L->C,0.27500000000000002
P18,RAW,S,L->L,0.18653846153846151
P18,RAW,S,L->R,0
P18,RAW,S,R->C,0.32276612276612276
P18,RAW,S,R->L,0
P18,RAW,S,R->R,0.17723387723387724
P18,HUD,TL,C->C,0.838095238095238
P18,HUD,TL,C->L,0.1142857142857143
P18,HUD,TL,C->R,0.047619047619047616
P18,HUD,TL,L->C,0.15374149659863942
P18,HUD,TL,L->L,0.82840136054421776
P18,HUD,TL,L->R,0.017857142857142856
P18,HUD,TL,R->C,0.2857142857142857
P18,HUD,TL,R->L,0.19047619047619047
P18,HUD,TL,R->R,0.095238095238095233
P18,RAW,TL,C->C,0.60436507936507933
P18,RAW,TL,C->L,0.31944444444444448
P18,RAW,TL,C->R,0.076190476190476183
P18,RAW,TL,L->C,0.2459730745445031
P18,RAW,TL,L->L,0.72063174920317774
P18,RAW,TL,L->R,0.033395176252319095
P18,RAW,TL,R->C,0
P18,RAW,TL,R->L,0.19047619047619047
P18,RAW,TL,R->R,0.095238095238095233
P18,HUD,TR,C->C,0.84166666666666667
P18,HUD,TR,C->L,0
P18,HUD,TR,C->R,0.15833333333333333
P18,HUD,TR,L->C,0
P18,HUD,TR,L->L,0
P18,HUD,TR,L->R,0
P18,HUD,TR,R->C,0.33690476190476187
P18,HUD,TR,R->L,0
P18,HUD,TR,R->R,0.66309523809523807
P18,RAW,TR,C->C,0.84072517896047305
P18,RAW,TR,C->L,0.018518518518518517
P18,RAW,TR,C->R,0.14075630252100838
P18,RAW,TR,L->C,0
P18,RAW,TR,L->L,0
P18,RAW,TR,L->R,0.16666666666666666
P18,RAW,TR,R->C,0.25086580086580085
P18,RAW,TR,R->L,0
P18,RAW,TR,R->R,0.7491341991341991
P19,HUD,LL,C->C,0.92361111111111116
P19,HUD,LL,C->L,0.048611111111111105
P19,HUD,LL,C->R,0.027777777777777776
P19,HUD,LL,L->C,0.70833333333333326
P19,HUD,LL,L->L,0.29166666666666663
P19,HUD,LL,L->R,0
P19,HUD,LL,R->C,0.25
P19,HUD,LL,R->L,0
P19,HUD,LL,R->R,0
P19,RAW,LL,C->C,0.93650793650793651
P19,RAW,LL,C->L,0.035714285714285698
P19,RAW,LL,C->R,0.027777777777777776
P19,RAW,LL,L->C,0.10000000000000001
P19,RAW,LL,L->L,0.14999999999999999
P19,RAW,LL,L->R,0
P19,RAW,LL,R->C,0.125
P19,RAW,LL,R->L,0
P19,RAW,LL,R->R,0.125
P19,HUD,LR,C->C,0.97916666666666663
P19,HUD,LR,C->L,0.010416666666666666
P19,HUD,LR,C->R,0.010416666666666666
P19,HUD,LR,L->C,0.16666666666666666
P19,HUD,LR,L->L,0
P19,HUD,LR,L->R,0
P19,HUD,LR,R->C,0.1111111111111111
P19,HUD,LR,R->L,0
P19,HUD,LR,R->R,0.055555555555555552
P19,RAW,LR,C->C,0.89670329670329674
P19,RAW,LR,C->L,0.066259666259666228
P19,RAW,LR,C->R,0.037037037037037035
P19,RAW,LR,L->C,0.27777777777777773
P19,RAW,LR,L->L,0.38888888888888884
P19,RAW,LR,L->R,0
P19,RAW,LR,R->C,0.3666666666666667
P19,RAW,LR,R->L,0
P19,RAW,LR,R->R,0.13333333333333333
P19,HUD,PLL,C->C,0.90972222222222221
P19,HUD,PLL,C->L,0.06944444444444442
P19,HUD,PLL,C->R,0.020833333333333325
P19,HUD,PLL,L->C,0.5
P19,HUD,PLL,L->L,0
P19,HUD,PLL,L->R,0
P19,HUD,PLL,R->C,0.25
P19,HUD,PLL,R->L,0
P19,HUD,PLL,R->R,0
P19,RAW,PLL,C->C,0.80555555555555558
P19,RAW,PLL,C->L,0.1111111111111111
P19,RAW,PLL,C->R,0.083333333333333329
P19,RAW,PLL,L->C,0.5
P19,RAW,PLL,L->L,0
P19,RAW,PLL,L->R,0
P19,RAW,PLL,R->C,0.25
P19,RAW,PLL,R->L,0
P19,RAW,PLL,R->R,0
P19,HUD,PLR,C->C,0.89722222222222214
P19,HUD,PLR,C->L,0
P19,HUD,PLR,C->R,0.10277777777777776
P19,HUD,PLR,L->C,0
P19,HUD,PLR,L->L,0
P19,HUD,PLR,L->R,0
P19,HUD,PLR,R->C,0.33333333333333331
P19,HUD,PLR,R->L,0
P19,HUD,PLR,R->R,0.16666666666666666
P19,RAW,PLR,C->C,0.82571428571428562
P19,RAW,PLR,C->L,0.068571428571428561
P19,RAW,PLR,C->R,0.10571428571428569
P19,RAW,PLR,L->C,0.20000000000000001
P19,RAW,PLR,L->L,0.10000000000000001
P19,RAW,PLR,L->R,0.10000000000000001
P19,RAW,PLR,R->C,0.2857142857142857
P19,RAW,PLR,R->L,0
P19,RAW,PLR,R->R,0.11428571428571428
P19,HUD,PTL,C->C,0.79476461038961044
P19,HUD,PTL,C->L,0.16959550865800863
P19,HUD,PTL,C->R,0.035639880952380937
P19,HUD,PTL,L->C,0.39404761904761904
P19,HUD,PTL,L->L,0.43095238095238098
P19,HUD,PTL,L->R,0.049999999999999989
P19,HUD,PTL,R->C,0.27083333333333331
P19,HUD,PTL,R->L,0.041666666666666664
P19,HUD,PTL,R->R,0.1875
P19,RAW,PTL,C->C,0.86196145124716561
P19,RAW,PTL,C->L,0.13010204081632654
P19,RAW,PTL,C->R,0.0079365079365079274
P19,RAW,PTL,L->C,0.32142857142857145
P19,RAW,PTL,L->L,0.25
P19,RAW,PTL,L->R,0
P19,RAW,PTL,R->C,0.14285714285714285
P19,RAW,PTL,R->L,0
P19,RAW,PTL,R->R,0
P19,HUD,PTR,C->C,0.79653524492234162
P19,HUD,PTR,C->L,0.068548387096774188
P19,HUD,PTR,C->R,0.13491636798088411
P19,HUD,PTR,L->C,0.5
P19,HUD,PTR,L->L,0.14999999999999999
P19,HUD,PTR,L->R,0.016666666666666666
P19,HUD,PTR,R->C,0.22727272727272727
P19,HUD,PTR,R->L,0.13181818181818181
P19,HUD,PTR,R->R,0.30757575757575756
P19,RAW,PTR,C->C,0.82380952380952388
P19,RAW,PTR,C->L,0.071428571428571397
P19,RAW,PTR,C->R,0.10476190476190472
P19,RAW,PTR,L->C,0.5
P19,RAW,PTR,L->L,0.125
P19,RAW,PTR,L->R,0.041666666666666664
P19,RAW,PTR,R->C,0.035087719298245598
P19,RAW,PTR,R->L,0.16666666666666666
P19,RAW,PTR,R->R,0.2982456140350877
P19,HUD,S,C->C,0.83498833086828217
P19,HUD,S,C->L,0.11350404290868663
P19,HUD,S,C->R,0.051507626223031136
P19,HUD,S,L->C,0.34431083319972206
P19,HUD,S,L->L,0.1628173267062156
P19,HUD,S,L->R,0.01139035861258083
P19,HUD,S,R->C,0.23007054673721342
P19,HUD,S,R->L,0.017901234567901228
P19,HUD,S,R->R,0.23350970017636682
P19,RAW,S,C->C,0.82722973681949796
P19,RAW,S,C->L,0.10385624300135791
P19,RAW,S,C->R,0.035580686845810852
P19,RAW,S,L->C,0.37828377504848093
P19,RAW,S,L->L,0.23847838436073729
P19,RAW,S,L->R,0.016571173924115098
P19,RAW,S,R->C,0.18527777777777779
P19,RAW,S,R->L,0.016666666666666666
P19,RAW,S,R->R,0.19805555555555554
P19,HUD,TL,C->C,0.64489795918367343
P19,HUD,TL,C->L,0.29160997732426303
P19,HUD,TL,C->R,0.063492063492063475
P19,HUD,TL,L->C,0.40227272727272728
P19,HUD,TL,L->L,0.54009740259740258
P19,HUD,TL,L->R,0.057629870129870128
P19,HUD,TL,R->C,0.071428571428571425
P19,HUD,TL,R->L,0.26190476190476192
P19,HUD,TL,R->R,0.095238095238095233
P19,RAW,TL,C->C,0.75048958977530411
P19,RAW,TL,C->L,0.22353638425066993
P19,RAW,TL,C->R,0.025974025974025972
P19,RAW,TL,L->C,0.23373015873015873
P19,RAW,TL,L->L,0.62341269841269842
P19,RAW,TL,L->R,0
P19,RAW,TL,R->C,0.047619047619047616
P19,RAW,TL,R->L,0
P19,RAW,TL,R->R,0.095238095238095233
P19,HUD,TR,C->C,0.55555555555555558
P19,HUD,TR,C->L,0.027777777777777766
P19,HUD,TR,C->R,0.25
P19,HUD,TR,L->C,0.033333333333333333
P19,HUD,TR,L->L,0.13333333333333333
P19,HUD,TR,L->R,0.16666666666666666
P19,HUD,TR,R->C,0.28009259259259262
P19,HUD,TR,R->L,0.01515151515151515
P19,HUD,TR,R->R,0.7047558922558923
P19,RAW,TR,C->C,0.8305555555555556
P19,RAW,TR,C->L,0
P19,RAW,TR,C->R,0.16944444444444443
P19,RAW,TR,L->C,0
P19,RAW,TR,L->L,0
P19,RAW,TR,L->R,0.16666666666666666
P19,RAW,TR,R->C,0.31944444444444442
P19,RAW,TR,R->L,0.055555555555555552
P19,RAW,TR,R->R,0.29166666666666669
P20,HUD,LL,C->C,1
P20,HUD,LL,C->L,0
P20,HUD,LL,C->R,0
P20,HUD,LL,L->C,0.125
P20,HUD,LL,L->L,0.125
P20,HUD,LL,L->R,0
P20,HUD,LL,R->C,0
P20,HUD,LL,R->L,0
P20,HUD,LL,R->R,0
P20,RAW,LL,C->C,1
P20,RAW,LL,C->L,0
P20,RAW,LL,C->R,0
P20,RAW,LL,L->C,0.5
P20,RAW,LL,L->L,0
P20,RAW,LL,L->R,0
P20,RAW,LL,R->C,0
P20,RAW,LL,R->L,0
P20,RAW,LL,R->R,0
P20,HUD,LR,C->C,0.98717948717948723
P20,HUD,LR,C->L,0.012820512820512817
P20,HUD,LR,C->R,0
P20,HUD,LR,L->C,0
P20,HUD,LR,L->L,0
P20,HUD,LR,L->R,0
P20,HUD,LR,R->C,0.083333333333333329
P20,HUD,LR,R->L,0
P20,HUD,LR,R->R,0.083333333333333329
P20,RAW,LR,C->C,1
P20,RAW,LR,C->L,0
P20,RAW,LR,C->R,0
P20,RAW,LR,L->C,0
P20,RAW,LR,L->L,0
P20,RAW,LR,L->R,0
P20,RAW,LR,R->C,0
P20,RAW,LR,R->L,0
P20,RAW,LR,R->R,0
P20,HUD,PLL,C->C,0.95833333333333337
P20,HUD,PLL,C->L,0.04166666666666665
P20,HUD,PLL,C->R,0
P20,HUD,PLL,L->C,0.25
P20,HUD,PLL,L->L,0
P20,HUD,PLL,L->R,0
P20,HUD,PLL,R->C,0
P20,HUD,PLL,R->L,0
P20,HUD,PLL,R->R,0
P20,RAW,PLL,C->C,0.95833333333333337
P20,RAW,PLL,C->L,0.04166666666666665
P20,RAW,PLL,C->R,0
P20,RAW,PLL,L->C,0
P20,RAW,PLL,L->L,0.25
P20,RAW,PLL,L->R,0
P20,RAW,PLL,R->C,0
P20,RAW,PLL,R->L,0
P20,RAW,PLL,R->R,0
P20,HUD,PLR,C->C,1
P20,HUD,PLR,C->L,0
P20,HUD,PLR,C->R,0
P20,HUD,PLR,L->C,0
P20,HUD,PLR,L->L,0
P20,HUD,PLR,L->R,0
P20,HUD,PLR,R->C,0
P20,HUD,PLR,R->L,0
P20,HUD,PLR,R->R,0
P20,RAW,PLR,C->C,0.94545454545454555
P20,RAW,PLR,C->L,0
P20,RAW,PLR,C->R,0.054545454545454543
P20,RAW,PLR,L->C,0
P20,RAW,PLR,L->L,0
P20,RAW,PLR,L->R,0
P20,RAW,PLR,R->C,0.14999999999999999
P20,RAW,PLR,R->L,0
P20,RAW,PLR,R->R,0.050000000000000003
P20,HUD,PTL,C->C,0.8202720119386786
P20,HUD,PTL,C->L,0.17972798806132137
P20,HUD,PTL,C->R,0
P20,HUD,PTL,L->C,0.26071428571428573
P20,HUD,PTL,L->L,0.73928571428571421
P20,HUD,PTL,L->R,0
P20,HUD,PTL,R->C,0
P20,HUD,PTL,R->L,0
P20,HUD,PTL,R->R,0
P20,RAW,PTL,C->C,0.81832810047095761
P20,RAW,PTL,C->L,0.18167189952904236
P20,RAW,PTL,C->R,0
P20,RAW,PTL,L->C,0.15827664399092972
P20,RAW,PTL,L->L,0.55600907029478452
P20,RAW,PTL,L->R,0
P20,RAW,PTL,R->C,0
P20,RAW,PTL,R->L,0
P20,RAW,PTL,R->R,0
P20,HUD,PTR,C->C,0.89735335087447765
P20,HUD,PTR,C->L,0.011904761904761899
P20,HUD,PTR,C->R,0.090741887220760431
P20,HUD,PTR,L->C,0.16666666666666666
P20,HUD,PTR,L->L,0
P20,HUD,PTR,L->R,0
P20,HUD,PTR,R->C,0.084656084656084651
P20,HUD,PTR,R->L,0
P20,HUD,PTR,R->R,0.58201058201058198
P20,RAW,PTR,C->C,0.91128663003663002
P20,RAW,PTR,C->L,0
P20,RAW,PTR,C->R,0.08871336996336994
P20,RAW,PTR,L->C,0
P20,RAW,PTR,L->L,0
P20,RAW,PTR,L->R,0
P20,RAW,PTR,R->C,0.099206349206349201
P20,RAW,PTR,R->L,0
P20,RAW,PTR,R->R,0.40079365079365076
P20,HUD,S,C->C,0.95703703703703702
P20,HUD,S,C->L,0.00042328042328042227
P20,HUD,S,C->R,0.0055026455026454995
P20,HUD,S,L->C,0.026748971193415638
P20,HUD,S,L->L,0.047325102880658436
P20,HUD,S,L->R,0
P20,HUD,S,R->C,0.07407407407407407
P20,HUD,S,R->L,0
P20,HUD,S,R->R,0
P20,RAW,S,C->C,0.99419642857142854
P20,RAW,S,C->L,0
P20,RAW,S,C->R,0.0058035714285714262
P20,RAW,S,L->C,0
P20,RAW,S,L->L,0
P20,RAW,S,L->R,0
P20,RAW,S,R->C,0.041666666666666664
P20,RAW,S,R->L,0
P20,RAW,S,R->R,0.025000000000000001
P20,HUD,TL,C->C,0.87738095238095237
P20,HUD,TL,C->L,0.12261904761904763
P20,HUD,TL,C->R,0
P20,HUD,TL,L->C,0.14345971488828629
P20,HUD,TL,L->L,0.85654028511171376
P20,HUD,TL,L->R,0
P20,HUD,TL,R->C,0
P20,HUD,TL,R->L,0
P20,HUD,TL,R->R,0
P20,RAW,TL,C->C,0.86031746031746026
P20,RAW,TL,C->L,0.13968253968253966
P20,RAW,TL,C->R,0
P20,RAW,TL,L->C,0.12970521541950111
P20,RAW,TL,L->L,0.8702947845804988
P20,RAW,TL,L->R,0
P20,RAW,TL,R->C,0
P20,RAW,TL,R->L,0
P20,RAW,TL,R->R,0
P20,HUD,TR,C->C,0.90277777777777768
P20,HUD,TR,C->L,0
P20,HUD,TR,C->R,0.09722222222222221
P20,HUD,TR,L->C,0
P20,HUD,TR,L->L,0
P20,HUD,TR,L->R,0
P20,HUD,TR,R->C,0.070319794584500453
P20,HUD,TR,R->L,0
P20,HUD,TR,R->R,0.92968020541549956
P20,RAW,TR,C->C,0.90389610389610386
P20,RAW,TR,C->L,0
P20,RAW,TR,C->R,0.096103896103896094
P20,RAW,TR,L->C,0
P20,RAW,TR,L->L,0
P20,RAW,TR,L->R,0
P20,RAW,TR,R->C,0.34252645502645507
P20,RAW,TR,R->L,0
P20,RAW,TR,R->R,0.65747354497354493
